title,buyer_name,publication_date,publication_number,country,category,priority_bucket,cpv_code,url,source,raw_text,pre_ai_score,user_id,project_type,program,location,procedure_type,main_discipline,estimated_scale,estimated_budget,required_references,required_references_count,minimum_revenue_required,required_certifications,consortium_required,architect_mandatory,relevance_score,verdict,summary,why_it_matters
Révision du PLUI,Metropole Rouen Normandie,2026-03-08,26-23666,France,URBANISM_LANDSCAPE,CORE,71410000 | 77314000 | 79311000 | 90712000,https://www.boamp.fr/pages/avis/?q=idweb:26-23666,BOAMP,Révision du PLUI | Prestations de services | Assistance à maîtrise d'ouvrage | APPEL_OFFRE | SERVICES | 71410000 | 77314000 | 79311000 | 90712000 | nature APPEL_OFFRE | type SERVICES | CPV archi 71410000 | + fort: architecture | + fort: assistance a maitrise d ouvrage | + fort: urbanisme | + moyen: amenagement | + moyen: ingenierie | + moyen: paysage | - fort: signalisation | 76 | https://www.boamp.fr/pages/avis/?q=idweb:26-23666,62,873e235a-74a5-4d3d-92f7-a76d7031149a,Révision du PLUI,Assistance à maîtrise d'ouvrage,Rouen,APPEL_OFFRE,Urbanisme,,,[],,,[],,,35.0,NO,"L'agence RomainTest ne devrait pas candidater car l'appel d'offres se concentre sur l'urbanisme, un domaine qui n'est pas dans sa liste de préférences. De plus, les types de projets recherché ne correspondent pas aux spécialités de l'agence, qui privilégie l'architecture et la réhabilitation. ","Cet appel d'offres représente un projet significatif pour les services d'urbanisme, mais il ne s'aligne pas avec la mission et les compétences de l'agence RomainTest, qui est mieux positionnée pour des services architecturaux dans des régions spécifiques."
PROJET DE RÉHABILITATION DE L’ESPACE URBAIN AUTOUR DE LA PLACE DU DOCTEUR ROUX  -  MISSION DE PROGRAMMATION ET DE CONCERTATION,Mairie de Chatou,2026-03-10,26-24542,France,URBANISM_LANDSCAPE,CORE,71300000,https://www.boamp.fr/pages/avis/?q=idweb:26-24542,BOAMP,PROJET DE RÉHABILITATION DE L’ESPACE URBAIN AUTOUR DE LA PLACE DU DOCTEUR ROUX  -  MISSION DE PROGRAMMATION ET DE CONCERTATION | Assistance à maîtrise d'ouvrage | APPEL_OFFRE | SERVICES | 71300000 | nature APPEL_OFFRE | type SERVICES | CPV secondaire 71300000 | + fort: architecte | + fort: assistance a maitrise d ouvrage | + fort: urbanisme | + moyen: rehabilitation | + moyen: etude | + moyen: paysage | + moyen: paysagiste | 78 | https://www.boamp.fr/pages/avis/?q=idweb:26-24542,62,873e235a-74a5-4d3d-92f7-a76d7031149a,rehabilitation,mission de programmation et de concertation,"Chatou, France",offre de services,urbanisme,,,[],,,[],,True,65.0,MAYBE,"L'agence RomainTest a de l'expérience dans des projets de réhabilitation, ce qui pourrait s'appliquer ici. Cependant, le projet se concentre sur l'urbanisme, et l'agence semble se spécialiser principalement en architecture de bâtiments et compétitions.","Ce projet représente une occasion d'élargir le champ de compétence de l'agence vers l'urbanisme et de collaborer avec des entités publiques, ce qui peut renforcer leur réputation dans le secteur."
Restructuration du gymnase Albert de Mun - Maîtrise d'oeuvre,Ville de Rennes,2026-03-11,26-24551,France,ARCHITECTURE_BUILDING,CORE,71221000,https://www.boamp.fr/pages/avis/?q=idweb:26-24551,BOAMP,Restructuration du gymnase Albert de Mun - Maîtrise d'oeuvre | Maîtrise d'oeuvre | APPEL_OFFRE | SERVICES | 71221000 | nature APPEL_OFFRE | type SERVICES | CPV archi 71221000 | + fort: maitrise d oeuvre | + fort: maitre d oeuvre | + fort: architecte | + fort: architecture | + moyen: rehabilitation | + moyen: etude | + moyen: signaletique | 35 | https://www.boamp.fr/pages/avis/?q=idweb:26-24551,61,873e235a-74a5-4d3d-92f7-a76d7031149a,Restructuration,gymnase,Rennes,Maîtrise d'oeuvre,ARCHITECTURE_BUILDING,,,[],,,[],,,75.0,GO,"L'agence RomainTest possède une expérience pertinente en réhabilitation, qui est directement applicable au projet de restructuration du gymnase. De plus, bien que le projet soit à Rennes, l'agence est ouverte à travailler dans des régions françaises, ce qui renforce la possibilité d'une candidature réussie.","Candidater à cet appel d'offres permettrait à l'agence d'accroître sa visibilité et son portefeuille de projets au-delà de Lyon, tout en exploitant son expertise en architecture et réhabilitation."
Marché de maîtrise d'oeuvre pour la ZAC des Lauves sur la commune de Saint-Paul-lès-Durance,SPLA - Pays d'Aix Territoires,2026-03-15,26-26261,France,ARCHITECTURE_BUILDING,CORE,71000000,https://www.boamp.fr/pages/avis/?q=idweb:26-26261,BOAMP,Marché de maîtrise d'oeuvre pour la ZAC des Lauves sur la commune de Saint-Paul-lès-Durance | Maîtrise d'oeuvre | APPEL_OFFRE | SERVICES | 71000000 | nature APPEL_OFFRE | type SERVICES | CPV fort 71000000 | + fort: maitrise d oeuvre | + fort: architecte | + fort: architecture | + moyen: amenagement | + moyen: etude | + moyen: ingenierie | + moyen: paysage | 13 | https://www.boamp.fr/pages/avis/?q=idweb:26-26261,61,873e235a-74a5-4d3d-92f7-a76d7031149a,ZAC,maîtrise d'oeuvre,Saint-Paul-lès-Durance,APPEL_OFFRE,architecture,,,[],,,[],,True,75.0,MAYBE,"L'appel d'offres concerne un projet de maîtrise d'œuvre en architecture, ce qui correspond à la catégorie privilégiée de l'agence. Cependant, le projet est situé à Saint-Paul-lès-Durance, ce qui est en dehors de leur région préférée, Lyon.",Candidater pourrait permettre à l'agence d'étendre son influence géographique et d'enrichir son portfolio avec un projet d'envergure en dehors de sa zone habituelle.
Marché de maitrise d'oeuvre pour la réhabilitation du bâtiment Jean Roget  à la Tronche (38),"Pouvoir adjudicateur : UNIVERSITE GRENOBLE ALPES,
1 180 Avenue Centrale
38400 SAINT MARTIN D'HERES
Mandataire agissant au nom et pour le compte du pouvoir adjudicateur :
SAEM TERRITOIRES 38,
Représenté par son Directeur Général Délégué.",2026-03-12,26-24689,France,ARCHITECTURE_BUILDING,CORE,71000000,https://www.boamp.fr/pages/avis/?q=idweb:26-24689,BOAMP,Marché de maitrise d'oeuvre pour la réhabilitation du bâtiment Jean Roget  à la Tronche (38) | Maîtrise d'oeuvre | APPEL_OFFRE | SERVICES | 71000000 | nature APPEL_OFFRE | type SERVICES | CPV fort 71000000 | + fort: maitrise d oeuvre | + fort: architecte | + moyen: rehabilitation | + moyen: etude | 38 | https://www.boamp.fr/pages/avis/?q=idweb:26-24689,61,873e235a-74a5-4d3d-92f7-a76d7031149a,réhabilitation,bâtiment Jean Roget,La Tronche (38),marché de maîtrise d'œuvre,ARCHITECTURE_BUILDING,,,[],,,[],,True,85.0,GO,"L'agence RomainTest a une solide expérience en réhabilitation, ce qui correspond parfaitement à la nature du projet de réhabilitation du bâtiment Jean Roget. De plus, le projet se situe dans la région Rhône-Alpes, proximité qui pourrait faciliter la gestion du chantier et les réunions avec le client.","Candidater à cet appel d'offres permettrait à RomainTest de renforcer sa présence dans la région et de multiplier ses projets dans le secteur de la réhabilitation, un domaine qu'elle maîtrise bien."
Etablissement du schéma directeur du Mont Saint-Michel,Centre des monuments nationaux,2026-03-15,26-26785,France,ARCHITECTURE_BUILDING,CORE,71240000,https://www.boamp.fr/pages/avis/?q=idweb:26-26785,BOAMP,Etablissement du schéma directeur du Mont Saint-Michel | Monuments historiques | APPEL_OFFRE | SERVICES | 71240000 | nature APPEL_OFFRE | type SERVICES | CPV archi 71240000 | + fort: architecte | + fort: architecture | + fort: programmation architecturale | + moyen: etude | + moyen: ingenierie | + moyen: paysage | 50 | 75 | https://www.boamp.fr/pages/avis/?q=idweb:26-26785,61,873e235a-74a5-4d3d-92f7-a76d7031149a,schéma directeur,monuments historiques,"Mont Saint-Michel, France",APPEL_OFFRE,architecture,,,"[""housing"", ""heritage""]",2.0,,[],,True,85.0,GO,"L'agence RomainTest a une expertise dans des projets de logement et de réhabilitation, ce qui est pertinent pour l'établissement du schéma directeur au Mont Saint-Michel, un site classé. De plus, leur localisation à Lyon favorise les opportunités de collaboration nationale sur ce type de projet patrimoine.",Candidater à cet appel d'offres permettrait à RomainTest de renforcer son portfolio en matière de projets prestigieux tout en faisant bénéficier d'une visibilité accrue dans le domaine de l'architecture patrimoniale en France.
"Concours restreint d'Architecture et d'Ingénierie sur esquisse Restructuration et extension du collège "" Goh Lanno "" à PLUVIGNER (56)",SPL Equipements du Morbihan,2026-03-15,26-26581,France,COMPETITIONS,CORE,71200000 | 71221000 | 71300000,https://www.boamp.fr/pages/avis/?q=idweb:26-26581,BOAMP,"Concours restreint d'Architecture et d'Ingénierie sur esquisse Restructuration et extension du collège "" Goh Lanno "" à PLUVIGNER (56) | Maîtrise d'oeuvre | APPEL_OFFRE | SERVICES | 71200000 | 71221000 | 71300000 | nature APPEL_OFFRE | type SERVICES | CPV archi 71200000 | CPV archi 71221000 | CPV secondaire 71300000 | + fort: maitrise d oeuvre | + fort: architecte | + fort: architecture | + fort: concours de maitrise d oeuvre | + moyen: rehabilitation | 56 | https://www.boamp.fr/pages/avis/?q=idweb:26-26581",60,873e235a-74a5-4d3d-92f7-a76d7031149a,Restructuration et extension d'un collège,Concours restreint d'Architecture et d'Ingénierie,Pluvigner (56),Concours,Architecture,,,[],,,[],,True,75.0,MAYBE,"L'agence RomainTest a une expérience dans le secteur scolaire et possède des références pertinentes dans les projets de logement, ce qui pourrait être transposable à ce type de concours. Cependant, l'emplacement éloigné de Lyon peut constituer un inconvénient logistique à considérer.","Candidater à ce concours permettrait à l'agence de renforcer sa visibilité dans le secteur de l'éducation et d'élargir son portefeuille de projets, tout en capitalisant sur son expérience en réhabilitation et compétitions."
MAITRISE D'OEUVRE - Aménagement secteur Louvière / Tour Chinoise-.,Commune de Epinal,2026-03-05,26-23147,France,URBANISM_LANDSCAPE,CORE,,https://www.boamp.fr/pages/avis/?q=idweb:26-23147,BOAMP,MAITRISE D'OEUVRE - Aménagement secteur Louvière / Tour Chinoise-. | Maîtrise d'oeuvre | APPEL_OFFRE | SERVICES | nature APPEL_OFFRE | type SERVICES | + fort: maitrise d oeuvre | + fort: architecture | + moyen: amenagement | + moyen: etude | + moyen: paysagiste | 88 | https://www.boamp.fr/pages/avis/?q=idweb:26-23147,59,873e235a-74a5-4d3d-92f7-a76d7031149a,Aménagement,Secteur Louvière / Tour Chinoise,"Epinal, France",Maîtrise d'œuvre,Urbanisme,,,[],,,[],,,55.0,MAYBE,"L'agence RomainTest a des compétences en aménagement et pourrait potentiellement faire des synergies avec son expertise en architecture. Cependant, elle n’a pas d’expérience spécifique en urbanisme, ce qui pourrait être un inconvénient pour candidater à cet appel d'offres.","Candidater à cet appel d'offres pourrait permettre à l'agence d'élargir son champ d'action vers l'urbanisme, tout en développant des liens avec une nouvelle région, même si cela nécessite un ajustement de son expertise actuelle."
MARCHÉ PUBLIC D'ASSISTANCE À MAÎTRISE D'OUVRAGE PROJET TRANSITION ARCHITECTURE ET PAYSAGE (TAP),ENSA de Normandie,2026-03-06,26-22874,France,URBANISM_LANDSCAPE,CORE,73000000,https://www.boamp.fr/pages/avis/?q=idweb:26-22874,BOAMP,MARCHÉ PUBLIC D'ASSISTANCE À MAÎTRISE D'OUVRAGE PROJET TRANSITION ARCHITECTURE ET PAYSAGE (TAP) | Assistance à maîtrise d'ouvrage | APPEL_OFFRE | SERVICES | 73000000 | nature APPEL_OFFRE | type SERVICES | + fort: architecture | + fort: assistance a maitrise d ouvrage | + moyen: paysage | 76 | https://www.boamp.fr/pages/avis/?q=idweb:26-22874,59,873e235a-74a5-4d3d-92f7-a76d7031149a,assistance à maîtrise d'ouvrage,projet transition architecture et paysage,"Normandie, France",marché public,urbanisme et paysage,,,[],,,[],,,50.0,MAYBE,"L'agence RomainTest a de l'expérience dans le secteur de l'architecture, mais ce marché public concerne principalement l'urbanisme et le paysage, qui ne sont pas des spécialités mentionnées dans leurs profils types de projets. De plus, le projet est situé en Normandie, loin de leur région préférée de Lyon. Cela pourrait représenter un défi pour l'agence.","Candidater à cet appel peut ouvrir des opportunités dans le domaine de l'urbanisme, bien que ce ne soit pas leur domaine principal, cela pourrait leur permettre d'étendre leur expertise et d'explorer de nouveaux marchés sans s'éloigner trop de leur base en France."
MARCHE D’EXPLOITATION DES INSTALLATIONS THERMIQUES,EnsapBx,2026-03-11,26-24248,France,URBANISM_LANDSCAPE,CORE,50000000 | 50721000,https://www.boamp.fr/pages/avis/?q=idweb:26-24248,BOAMP,"MARCHE D’EXPLOITATION DES INSTALLATIONS THERMIQUES | Chauffage (exploitation, entretien) | APPEL_OFFRE | SERVICES | 50000000 | 50721000 | nature APPEL_OFFRE | type SERVICES | + fort: architecture | + moyen: paysage | - fort: entretien | 33 | https://www.boamp.fr/pages/avis/?q=idweb:26-24248",59,873e235a-74a5-4d3d-92f7-a76d7031149a,exploitation des installations thermiques,services de chauffage,France,,urbanisme et paysage,,,[],,,[],,,30.0,NO,"L'agence RomainTest ne devrait pas candidater à cet appel d'offres car il se concentre sur l'exploitation et l'entretien des installations thermiques, ce qui ne correspond pas à son domaine d'expertise en architecture. De plus, l'agence se spécialise dans les projets de logement et de réhabilitation, loin des services demandés ici.","Cet appel d'offres ne s'aligne pas avec les compétences d'architecture de l'agence, ce qui augmente le risque de non-conformité et d'efficacité du projet. L'agence devrait plutôt se concentrer sur des projets qui correspondent à ses domaines d'expertise pour maximiser ses chances de succès."
Marché de maitrise d'oeuvre relatif aux travaux de réfection de l'internat du collège Miriam Makeba,Conseil Départemental du Nord,2026-03-09,26-23968,France,ARCHITECTURE_BUILDING,CORE,71200000,https://www.boamp.fr/pages/avis/?q=idweb:26-23968,BOAMP,Marché de maitrise d'oeuvre relatif aux travaux de réfection de l'internat du collège Miriam Makeba | Maîtrise d'oeuvre | APPEL_OFFRE | SERVICES | 71200000 | nature APPEL_OFFRE | type SERVICES | CPV archi 71200000 | + fort: maitrise d oeuvre | + fort: architecte | + moyen: etude | - fort: materiel | 59 | https://www.boamp.fr/pages/avis/?q=idweb:26-23968,58,873e235a-74a5-4d3d-92f7-a76d7031149a,réfection,internat du collège,"Nord, France",maitrise d'œuvre,architecture,,,"[""housing""]",1.0,,[],False,True,75.0,MAYBE,"L'agence RomainTest, spécialisée en architecture de bâtiments et avec des références dans le secteur du housing, trouve une certaine pertinence dans cet appel d'offres pour la réfection d'un internat. Cependant, la compétition avec d'autres agences pour ce type de projet dans la région peut réduire les chances de succès.","Candidater à cet appel d'offres permettrait à RomainTest d'étendre son portfolio à des projets scolaires, diversifiant ainsi ses expériences dans des types de projets connexes à ceux qu'elle a déjà réalisés."
ACCORD CADRE DE MAITRISE D'OEUVRE,SPL LE SEAQUARIUM,2026-03-12,26-24828,France,ARCHITECTURE_BUILDING,CORE,71000000 | 71200000 | 71221000 | 71240000 | 71310000,https://www.boamp.fr/pages/avis/?q=idweb:26-24828,BOAMP,ACCORD CADRE DE MAITRISE D'OEUVRE | Prestations de services | Ingénierie | APPEL_OFFRE | SERVICES | 71000000 | 71200000 | 71221000 | 71240000 | 71310000 | nature APPEL_OFFRE | type SERVICES | CPV fort 71000000 | CPV archi 71200000 | CPV archi 71221000 | CPV archi 71240000 | CPV secondaire 71310000 | + fort: maitrise d oeuvre | + moyen: rehabilitation | + moyen: amenagement | 30 | 34 | 13 | 84 | https://www.boamp.fr/pages/avis/?q=idweb:26-24828,58,873e235a-74a5-4d3d-92f7-a76d7031149a,Accord Cadre de Maîtrise d'Œuvre,Services de maîtrise d'œuvre et d'ingénierie,France,Appel d'offre,Architecture et ingénierie,,,[],,,[],,,85.0,GO,"L'agence RomainTest devrait candidater car l'appel d'offres concerne des services d'architecture, ce qui correspond à son domaine de spécialisation. De plus, il s'agit d'une opportunité en France, dans une région où l'agence a une forte présence et expérience, notamment en réhabilitation et aménagement.","Gagner cet appel d'offres pourrait renforcer la position de RomainTest sur le marché local et fournir une exposition à des projets diversifiés, consolidant ainsi son portefeuille de références en maîtrise d'œuvre."
Marché de maitrise d'oeuvre pour la création d'une usine de traitement des forages de Port aux oies à Cannes Ecluse.,Communauté de Communes du Pays de Montereau,2026-03-05,26-22063,France,ARCHITECTURE_BUILDING,CORE,71000000,https://www.boamp.fr/pages/avis/?q=idweb:26-22063,BOAMP,Marché de maitrise d'oeuvre pour la création d'une usine de traitement des forages de Port aux oies à Cannes Ecluse. | Maîtrise d'oeuvre | Alimentation en eau potable | APPEL_OFFRE | SERVICES | 71000000 | nature APPEL_OFFRE | type SERVICES | CPV fort 71000000 | + fort: maitrise d oeuvre | + fort: mission de maitrise d oeuvre | + fort: assistance a maitrise d ouvrage | + fort: urbanisme | + moyen: etude | 77 | https://www.boamp.fr/pages/avis/?q=idweb:26-22063,58,873e235a-74a5-4d3d-92f7-a76d7031149a,Usine de traitement des forages,Alimentation en eau potable,Cannes Ecluse,Maîtrise d'oeuvre,Architecture,,,[],,,[],,,50.0,MAYBE,"L'agence RomainTest a de l'expérience dans des projets d'architecture, cependant, le projet d'usine de traitement des forages ne correspond pas totalement à ses domaines de prédilection, qui incluent principalement le logement, l'école et le patrimoine. Cela dit, la catégorie d'architecture de bâtiment pourrait permettre une pertinence partielle dans ce cas.","Bien que cette opportunité ne corresponde pas exactement à leur spécialisation, répondre à cet appel d'offres pourrait diversifier leur portefeuille et démontrer leur flexibilité dans des projets d'envergure différente."
Mission de maîtrise d’œuvre pour la conception et la construction d’une nouvelle station d’épuration (Step) à Landaul et démolition des ouvrages existants.,Auray Quiberon Terre Atlantique,2026-03-13,26-26383,France,ARCHITECTURE_BUILDING,CORE,71000000,https://www.boamp.fr/pages/avis/?q=idweb:26-26383,BOAMP,Mission de maîtrise d’œuvre pour la conception et la construction d’une nouvelle station d’épuration (Step) à Landaul et démolition des ouvrages existants. | Maîtrise d'oeuvre | Station d'épuration (travaux) | APPEL_OFFRE | SERVICES | 71000000 | nature APPEL_OFFRE | type SERVICES | CPV fort 71000000 | + fort: maitrise d oeuvre | + fort: architecte | + fort: architecture | + moyen: etude | 56 | https://www.boamp.fr/pages/avis/?q=idweb:26-26383,58,873e235a-74a5-4d3d-92f7-a76d7031149a,Station d'épuration,Conception et construction d'une nouvelle station d'épuration,"Landaul, France",Maîtrise d'œuvre,Architecture,,,[],,,[],,,50.0,MAYBE,"Bien que l'agence RomainTest ait de l'expérience en matière d'architecture et de bâtiments, ce projet de station d'épuration sort du cadre de leur spécialisation. La maîtrise d'œuvre pour les infrastructures publiques n'est pas un type de projet qu'ils ont abordé précédemment en référence, ce qui limite leur adéquation.","Candidater pourrait permettre à RomainTest d'élargir son portefeuille vers des projets d'infrastructure, mais cela pose un risque par rapport à leur zone de confort et leur expertise démontrée."
"Accord-cadre de maitrise d'oeuvre urbaine, technique et paysagère de la ZAC Gare Guyancourt - Saint-Quentin",Etablissement public d'aménagement Paris Saclay,2026-03-14,26-26049,France,ARCHITECTURE_BUILDING,CORE,71241000 | 71310000 | 71400000,https://www.boamp.fr/pages/avis/?q=idweb:26-26049,BOAMP,"Accord-cadre de maitrise d'oeuvre urbaine, technique et paysagère de la ZAC Gare Guyancourt - Saint-Quentin | Maîtrise d'oeuvre | APPEL_OFFRE | SERVICES | 71241000 | 71310000 | 71400000 | nature APPEL_OFFRE | type SERVICES | CPV archi 71241000 | CPV secondaire 71310000 | CPV archi 71400000 | + fort: maitrise d oeuvre | + moyen: amenagement | + moyen: paysage | + moyen: zac | 91 | https://www.boamp.fr/pages/avis/?q=idweb:26-26049",58,873e235a-74a5-4d3d-92f7-a76d7031149a,"maîtrise d'oeuvre urbaine, technique et paysagère",ZAC Gare Guyancourt - Saint-Quentin,France,appel d'offres,architecture,,,[],,,[],,,75.0,MAYBE,"L'agence RomainTest a une bonne expérience dans des projets d'habitat, mais le projet ZAC Gare Guyancourt concerne des aménagements urbains plus larges. Bien que l'agence soit bien positionnée en France, le type de projet spécifique peut ne pas correspondre entièrement à son répertoire actuel.","Candidater pourrait ouvrir des opportunités en aménagement urbain, un domaine en expansion, tout en diversifiant le portefeuille de projets de l'agence."
Maîtrise d'oeuvre pour la réalisation de la réhabilitation du Gymnase de Saint Trivier de Courtes,IN TERRA,2026-03-13,26-26584,France,ARCHITECTURE_BUILDING,CORE,71240000,https://www.boamp.fr/pages/avis/?q=idweb:26-26584,BOAMP,Maîtrise d'oeuvre pour la réalisation de la réhabilitation du Gymnase de Saint Trivier de Courtes | Maîtrise d'oeuvre | APPEL_OFFRE | SERVICES | 71240000 | nature APPEL_OFFRE | type SERVICES | CPV archi 71240000 | + fort: maitrise d oeuvre | + fort: architecte | + moyen: rehabilitation | + moyen: etude | 1 | https://www.boamp.fr/pages/avis/?q=idweb:26-26584,58,873e235a-74a5-4d3d-92f7-a76d7031149a,réhabilitation,Gymnase,Saint Trivier de Courtes,Maîtrise d'oeuvre,ARCHITECTURE_BUILDING,,,"[""housing"", ""rehabilitation""]",1.0,,[],,True,75.0,MAYBE,"L'agence RomainTest a une expérience pertinente dans la réhabilitation et des projets de logement, ce qui est en ligne avec les besoins de cet appel d'offres. Cependant, le lieu est un peu éloigné de leur région préférée, Lyon, ce qui pourrait influencer la décision de candidature.","Cela permettrait à l'agence de diversifier son portefeuille tout en renforçant son expertise en réhabilitation, même si le projet ne se situe pas dans leur région favorite."
Mission De Maitrise D'Oeuvre Pour La Renovation Energetique De La Cite Scolaire La Serre De Sarsan A Lourdes,Département des Hautes Pyrénées,2026-03-12,26-25934,France,ARCHITECTURE_BUILDING,CORE,71200000,https://www.boamp.fr/pages/avis/?q=idweb:26-25934,BOAMP,Mission De Maitrise D'Oeuvre Pour La Renovation Energetique De La Cite Scolaire La Serre De Sarsan A Lourdes | Maîtrise d'oeuvre | Ingénierie | APPEL_OFFRE | SERVICES | 71200000 | nature APPEL_OFFRE | type SERVICES | CPV archi 71200000 | + fort: maitrise d oeuvre | + fort: mission de maitrise d oeuvre | + fort: architecte | + moyen: etude | + moyen: ingenierie | 65 | https://www.boamp.fr/pages/avis/?q=idweb:26-25934,58,873e235a-74a5-4d3d-92f7-a76d7031149a,renovation énergétique,éducation,Lourdes,maîtrise d'œuvre,architecture,,,"[""housing"", ""rehabilitation""]",2.0,,[],,True,75.0,MAYBE,"L'agence RomainTest a une expérience pertinente en matière de réhabilitation de bâtiments, ce qui est en accord avec les objectifs de ce projet de rénovation énergétique. Cependant, l'emplacement à Lourdes est en dehors de leurs régions préférées, ce qui pourrait poser un défi logistique. ","Participer à cet appel d'offres pourrait permettre à l'agence d'étendre sa portée géographique et d'acquérir de nouvelles compétences en rénovation énergétique, un secteur en pleine croissance. Cela renforcerait également son positionnement dans le domaine de l'éducation."
Maîtrise d'oeuvre relative à la rénovation et l'amélioration de la halle à marée du Port de Royan,Conseil départemental de la charente-maritime,2026-03-12,26-24717,France,ARCHITECTURE_BUILDING,CORE,71200000,https://www.boamp.fr/pages/avis/?q=idweb:26-24717,BOAMP,Maîtrise d'oeuvre relative à la rénovation et l'amélioration de la halle à marée du Port de Royan | Prestations de services | APPEL_OFFRE | SERVICES | 71200000 | nature APPEL_OFFRE | type SERVICES | CPV archi 71200000 | + fort: maitrise d oeuvre | + fort: architecte | + moyen: rehabilitation | + moyen: amenagement | + moyen: etude | 17 | https://www.boamp.fr/pages/avis/?q=idweb:26-24717,58,873e235a-74a5-4d3d-92f7-a76d7031149a,rénovation,halle à marée,"Royan, France",Maîtrise d'œuvre,architecture,,,[],,,[],,True,75.0,MAYBE,"L'agence RomainTest a une expérience dans la réhabilitation et l'architecture, ce qui est pertinent pour ce projet de maîtrise d'œuvre. Bien que Royan soit en dehors de leur région préférée (Lyon), le type de projet et le contexte architectural correspondent bien à leurs compétences.","Participer à cet appel d'offres pourrait permettre à l'agence d'accroître sa visibilité au niveau national et de renforcer son expérience dans des projets de réhabilitation, ce qui pourrait être stratégique pour des références futures."
Marché de maîtrise d'oeuvre des espaces publics de l'îlot M10 - secteur Massena - ZAC Paris Rive Gauche,SEMAPA,2026-03-14,26-25956,France,ARCHITECTURE_BUILDING,CORE,71000000,https://www.boamp.fr/pages/avis/?q=idweb:26-25956,BOAMP,Marché de maîtrise d'oeuvre des espaces publics de l'îlot M10 - secteur Massena - ZAC Paris Rive Gauche | Maîtrise d'oeuvre | APPEL_OFFRE | SERVICES | 71000000 | nature APPEL_OFFRE | type SERVICES | CPV fort 71000000 | + fort: maitrise d oeuvre | + fort: architecte | + moyen: espace public | + moyen: etude | + moyen: paysage | + moyen: paysagiste | + moyen: zac | 75 | https://www.boamp.fr/pages/avis/?q=idweb:26-25956,58,873e235a-74a5-4d3d-92f7-a76d7031149a,maîtrise d'oeuvre des espaces publics,ZAC Paris Rive Gauche,Paris,demande de maîtrise d'œuvre,architecture,,,[],,,[],,True,70.0,MAYBE,"L'agence RomainTest est spécialisée dans des projets de type 'architecture building' et a des références en logement, mais l'appel d'offres concerne des espaces publics à Paris, ce qui n'est pas exactement leur domaine de prédilection. Leur expérience à Lyon et dans le secteur pourrait toutefois leur être bénéfique.",Candidater pourrait permettre à RomainTest d'élargir son portefeuille de projets et de se faire connaître dans un autre contexte géographique tout en mettant à profit ses compétences en maîtrise d'œuvre.
Marche de maîtrise d’œuvre d’exécution avec mission d’OPC pour des travaux de rénovation et de réhabilitation de locaux à l’EHPAD Jean-François de Hautefort.,EHPAD Hautefort,2026-03-11,26-25376,France,ARCHITECTURE_BUILDING,CORE,71000000,https://www.boamp.fr/pages/avis/?q=idweb:26-25376,BOAMP,"Marche de maîtrise d’œuvre d’exécution avec mission d’OPC pour des travaux de rénovation et de réhabilitation de locaux à l’EHPAD Jean-François de Hautefort. | Maîtrise d'oeuvre | Mission d'ordonnancement, pilotage, coordination (OPC) | APPEL_OFFRE | SERVICES | 71000000 | nature APPEL_OFFRE | type SERVICES | CPV fort 71000000 | + fort: maitrise d oeuvre | + fort: architecte | + moyen: rehabilitation | + moyen: etude | - fort: fourniture | - fort: fournitures | 19 | 24 | 33 | 87 | https://www.boamp.fr/pages/avis/?q=idweb:26-25376",58,873e235a-74a5-4d3d-92f7-a76d7031149a,réhabilitation,EHPAD,"Hautefort, France",maîtrise d’œuvre,ARCHITECTURE_BUILDING,,,"[""housing"", ""rehabilitation""]",2.0,,[],,True,85.0,GO,"L'agence RomainTest possède des références solides dans les projets de logement et a exprimé un intérêt pour la réhabilitation, ce qui correspond bien aux exigences de cet appel d'offres. En outre, la mission d'OPC fait partie de leur expertise, rendant leur candidature pertinente.","Participer à cet appel d'offres permettrait à RomainTest de renforcer sa présence dans le secteur des EHPAD, un domaine en pleine expansion, en s'établissant comme un acteur clé en matière de réhabilitation de bâtiments publics."
26S0041-Maitrise d'oeuvre pour la construction de 47 logements - Bâtiment E - Tohannic à VANNES,Morbihan Habitat (56),2026-03-05,26-22408,France,ARCHITECTURE_BUILDING,CORE,71000000,https://www.boamp.fr/pages/avis/?q=idweb:26-22408,BOAMP,26S0041-Maitrise d'oeuvre pour la construction de 47 logements - Bâtiment E - Tohannic à VANNES | Maîtrise d'oeuvre | APPEL_OFFRE | SERVICES | 71000000 | nature APPEL_OFFRE | type SERVICES | CPV fort 71000000 | + fort: maitrise d oeuvre | 56 | https://www.boamp.fr/pages/avis/?q=idweb:26-22408,58,873e235a-74a5-4d3d-92f7-a76d7031149a,housing,construction de 47 logements,Vannes,Maîtrise d'œuvre,ARCHITECTURE_BUILDING,,,[],,,[],,,85.0,GO,"L'agence RomainTest a une expérience récente dans des projets similaires de construction de logements, ce qui en fait un candidat pertinent. De plus, bien que Vannes ne soit pas sa région préférée, la nature du projet correspond à ses activités principales, ce qui renforce son adéquation avec cet appel d'offres.","Participer à cet appel d'offres pourrait permettre à RomainTest d'étendre sa portée géographique tout en continuant de se concentrer sur des projets résidentiels, un domaine dans lequel elle excelle."
Maitrise d'oeuvre du projet de réhabilitation de deux bâtiments de l'ancienne papeterie Jeand'Heurs à L'Isle en Rigault (55) pour l'implantation d'un habitat partagé pour Séniors,CC des Portes De Meuse,2026-03-12,26-24710,France,ARCHITECTURE_BUILDING,CORE,71200000 | 71221000,https://www.boamp.fr/pages/avis/?q=idweb:26-24710,BOAMP,Maitrise d'oeuvre du projet de réhabilitation de deux bâtiments de l'ancienne papeterie Jeand'Heurs à L'Isle en Rigault (55) pour l'implantation d'un habitat partagé pour Séniors | Etude | APPEL_OFFRE | SERVICES | 71200000 | 71221000 | nature APPEL_OFFRE | type SERVICES | CPV archi 71200000 | CPV archi 71221000 | + fort: maitrise d oeuvre | + moyen: rehabilitation | + moyen: etude | 55 | 54 | 51 | 52 | https://www.boamp.fr/pages/avis/?q=idweb:26-24710,58,873e235a-74a5-4d3d-92f7-a76d7031149a,réhabilitation,habitat partagé pour Séniors,L'Isle en Rigault (55),appel d'offre,maîtrise d'œuvre,,,"[""housing"", ""rehabilitation""]",2.0,,[],,,85.0,GO,"L'agence RomainTest a une solide expérience en réhabilitation et a déjà réalisé des projets de logement à Lyon et Paris, ce qui valide leur expertise dans ce secteur. Le projet de réhabilitation d'un ancien bâtiment pour des Séniors s'aligne bien avec leurs compétences existantes, rendant leur candidature pertinente.","Candidater à cet appel d'offres permet à RomainTest d'accroître sa présence en dehors de sa région habituelle, tout en s'engageant dans un projet socialement significatif, ce qui renforcerait leur portfolio et leur réputation sur le marché."
Maîtrise d'oeuvre pour la construction d'un bloc sanitaire public en extension du bureau du Port Diélette,Communauté d'agglomération du Cotentin,2026-03-11,26-25134,France,ARCHITECTURE_BUILDING,CORE,71223000,https://www.boamp.fr/pages/avis/?q=idweb:26-25134,BOAMP,Maîtrise d'oeuvre pour la construction d'un bloc sanitaire public en extension du bureau du Port Diélette | Assistance à maîtrise d'ouvrage | APPEL_OFFRE | SERVICES | 71223000 | nature APPEL_OFFRE | type SERVICES | CPV archi 71223000 | + fort: maitrise d oeuvre | + fort: mission de maitrise d oeuvre | + fort: architecte | + fort: architecture | + fort: assistance a maitrise d ouvrage | + moyen: etude | - fort: fourniture | 50 | https://www.boamp.fr/pages/avis/?q=idweb:26-25134,58,873e235a-74a5-4d3d-92f7-a76d7031149a,block sanitaire public,extension du bureau du Port Diélette,France,Maîtrise d'œuvre,Architecture,,,[],,,[],,True,75.0,MAYBE,"L'agence RomainTest a une expérience dans des projets similaires d'architecture, bien que leur spécialisation soit principalement axée sur le logement et les compétitions. L'appel d'offres concerne la construction d'un bloc sanitaire, ce qui représente un domaine moins traité pour l'agence, même si elle devrait avoir les compétences nécessaires pour répondre à ce type de projet.","Candidater à cet appel d'offres pourrait élargir leur portefeuille de projets et leur permettre de diversifier leur expertise en prenant part à des projets publics, ce qui est stratégique pour renforcer leur visibilité dans le secteur."
Mission de maîtrise d'oeuvre pour les travaux de modernisation et de réhabilitation de la station de traitement des eaux usées de Bois de Nèfles - Commune de Saint-Leu,Communauté d'Agglomération Territoire de la Côte Ouest (974),2026-03-08,26-23450,France,ARCHITECTURE_BUILDING,CORE,71000000,https://www.boamp.fr/pages/avis/?q=idweb:26-23450,BOAMP,Mission de maîtrise d'oeuvre pour les travaux de modernisation et de réhabilitation de la station de traitement des eaux usées de Bois de Nèfles - Commune de Saint-Leu | Station d'épuration (travaux) | Assainissement | APPEL_OFFRE | SERVICES | 71000000 | nature APPEL_OFFRE | type SERVICES | CPV fort 71000000 | + fort: maitrise d oeuvre | + fort: mission de maitrise d oeuvre | + fort: architecte | + moyen: rehabilitation | 974 | https://www.boamp.fr/pages/avis/?q=idweb:26-23450,58,873e235a-74a5-4d3d-92f7-a76d7031149a,réhabilitation,station de traitement des eaux usées,"Saint-Leu, La Réunion",services,maîtrise d'œuvre,,,[],,,[],,True,70.0,MAYBE,"Bien que ce projet de réhabilitation entre dans le domaine de compétence de l'agence, il est situé à Saint-Leu, ce qui pourrait impliquer des déplacements importants. Toutefois, la taille et l'expérience de l'agence en matière de réhabilitation en font un candidat valable. Les références en logement peuvent être moins pertinentes pour ce type de projet spécifique.","Le projet offre une opportunité d'élargir le portefeuille de l'agence dans un domaine technique lié à la réhabilitation, tout en s'ouvrant à un nouveau marché en dehors des régions préférées initiales."
26V0409 - Restructuration et extension du stade des Arboras - Concours de maîtrise d'oeuvre restreint,VILLE DE NICE,2026-03-08,26-23661,France,COMPETITIONS,CORE,71000000,https://www.boamp.fr/pages/avis/?q=idweb:26-23661,BOAMP,26V0409 - Restructuration et extension du stade des Arboras - Concours de maîtrise d'oeuvre restreint | Maîtrise d'oeuvre | APPEL_OFFRE | SERVICES | 71000000 | nature APPEL_OFFRE | type SERVICES | CPV fort 71000000 | + fort: maitrise d oeuvre | + fort: mission de maitrise d oeuvre | + fort: architecte | + fort: architecture | + fort: concours d architecture | + fort: concours de maitrise d oeuvre | + moyen: amenagement | 6 | https://www.boamp.fr/pages/avis/?q=idweb:26-23661,57,873e235a-74a5-4d3d-92f7-a76d7031149a,restructuration et extension,stade,Nice,concours de maîtrise d'oeuvre,architecture,,,[],,,[],,True,75.0,MAYBE,"L'agence RomainTest a une expertise en architecture et développe régulièrement des projets dans le domaine de la réhabilitation et du concours. Cependant, le projet se trouve à Nice, ce qui éloigne RomainTest de sa région préférée de Lyon, ce qui pourrait compliquer la logistique. De plus, il s'agit d'un projet sportif, ce qui n'est pas dans les types de projets habituellement traités par l'agence.","Candidater à ce concours pourrait apporter une visibilité nationale à RomainTest, mais il y a un risque lié à la distance et à l'adéquation des types de projets."
PRESTATIONS DE GEOMETRE SUR L'ENSEMBLE DU PATRIMOINE COMMUNAL,Ville de Levallois,2026-03-11,26-24549,France,URBANISM_LANDSCAPE,CORE,71351810 | 71353000,https://www.boamp.fr/pages/avis/?q=idweb:26-24549,BOAMP,PRESTATIONS DE GEOMETRE SUR L'ENSEMBLE DU PATRIMOINE COMMUNAL | Prestations de services | APPEL_OFFRE | SERVICES | 71351810 | 71353000 | nature APPEL_OFFRE | type SERVICES | CPV secondaire 71351810 | CPV secondaire 71353000 | + fort: urbanisme | + moyen: geometre | + moyen: geometre expert | - fort: fourniture | - fort: fournitures | 92 | https://www.boamp.fr/pages/avis/?q=idweb:26-24549,56,873e235a-74a5-4d3d-92f7-a76d7031149a,services,géomètre sur le patrimoine communal,"Levallois, France",appel d'offres,urbanisme,,,[],,,[],,,30.0,NO,"L'appel d'offres est principalement axé sur le domaine de l'urbanisme et nécessite des compétences spécifiques de géomètre, ce qui ne correspond pas au profil de l'agence RomainTest, qui se spécialise essentiellement dans l'architecture des bâtiments et des projets de logement. De plus, les projets de l'agence sont davantage orientés vers l'architecture et la réhabilitation, plutôt que vers des services de géomètre.","Candidater à cet appel d'offres ne serait pas stratégique pour l'agence RomainTest, étant donné que cela ne cadre pas avec ses domaines d'expertise et ses préférences de projet défini."
"Marché de maîtrise d'oeuvre architecturale, paysagère et technique - Aménagements de surface de la rue Bruneseau et inversion du schéma de circulation du secteur Bruneseau Nord - ZAC Paris Rive Gauche",SEMAPA,2026-03-08,26-23266,France,URBANISM_LANDSCAPE,CORE,71400000,https://www.boamp.fr/pages/avis/?q=idweb:26-23266,BOAMP,"Marché de maîtrise d'oeuvre architecturale, paysagère et technique - Aménagements de surface de la rue Bruneseau et inversion du schéma de circulation du secteur Bruneseau Nord - ZAC Paris Rive Gauche | Prestations de services | Maîtrise d'oeuvre | APPEL_OFFRE | SERVICES | 71400000 | nature APPEL_OFFRE | type SERVICES | CPV archi 71400000 | + fort: maitrise d oeuvre | + fort: mission de maitrise d oeuvre | + fort: architecte | + moyen: amenagement | + moyen: etude | + moyen: ingenierie | + moyen: paysage | 75 | https://www.boamp.fr/pages/avis/?q=idweb:26-23266",56,873e235a-74a5-4d3d-92f7-a76d7031149a,Aménagement urbain,Aménagements de surface et circulation,Paris,Maîtrise d'oeuvre,Urbanisme et paysage,,,[],,,[],,,40.0,NO,"Cette agence ne devrait pas candidater car le projet concerne principalement l'urbanisme et le paysage, des domaines en dehors de ses types de projets préférés. De plus, la localisation à Paris ne correspond pas à leur région privilégiée, Lyon.","Éviter de candidater pour des projets hors spécialité permet à l'agence de concentrer ses ressources sur des opportunités plus alignées avec son expertise et sa localisation, maximisant ainsi ses chances de succès."
MISSION DE MAITRISE D'OEUVRE POUR LE PROJET DE RESTAURATION HYDROMORPHOLOGIQUE DU RAVIN DE DROUILLE - AM8 SECTEUR DE LA REPASSE -,Durance Luberon Verdon Agglomération,2026-03-06,26-23454,France,URBANISM_LANDSCAPE,CORE,,https://www.boamp.fr/pages/avis/?q=idweb:26-23454,BOAMP,MISSION DE MAITRISE D'OEUVRE POUR LE PROJET DE RESTAURATION HYDROMORPHOLOGIQUE DU RAVIN DE DROUILLE - AM8 SECTEUR DE LA REPASSE - | Maîtrise d'oeuvre | APPEL_OFFRE | SERVICES | nature APPEL_OFFRE | type SERVICES | + fort: maitrise d oeuvre | + fort: mission de maitrise d oeuvre | + moyen: amenagement | + moyen: paysage | 4 | https://www.boamp.fr/pages/avis/?q=idweb:26-23454,56,873e235a-74a5-4d3d-92f7-a76d7031149a,urbanisme et paysage,restauration hydromorphologique,"Drouille, France",maîtrise d'œuvre,urbanisme,,,[],,,[],,,30.0,NO,"L'agence RomainTest se spécialise dans des projets d'architecture tels que le logement, les écoles et la réhabilitation, ce qui ne correspond pas à l'expertise requise pour ce projet d'urbanisme et de paysage. De plus, le projet est axé sur la maîtrise d'œuvre en hydraulique, domaine où l'agence ne possède pas de références attitrées.","Candidater à cet appel d'offres pourrait disperser les efforts de l'agence, la détournant de ses compétences principales et de son cœur de métier, qui est l'architecture plutôt que l'urbanisme et l'aménagement paysager."
"Accord-cadre de maîtrise d'oeuvre d'espaces publics, sur le périmètre de la concession Euralille à la Deûle suivant le plan guide de l'urbaniste en chef",Spl euralille,2026-03-05,26-22133,France,URBANISM_LANDSCAPE,CORE,71300000 | 71311300 | 71400000,https://www.boamp.fr/pages/avis/?q=idweb:26-22133,BOAMP,"Accord-cadre de maîtrise d'oeuvre d'espaces publics, sur le périmètre de la concession Euralille à la Deûle suivant le plan guide de l'urbaniste en chef | Maîtrise d'oeuvre | APPEL_OFFRE | SERVICES | 71300000 | 71311300 | 71400000 | nature APPEL_OFFRE | type SERVICES | CPV secondaire 71300000 | CPV secondaire 71311300 | CPV archi 71400000 | + fort: maitrise d oeuvre | + fort: architecte | + moyen: espace public | + moyen: etude | + moyen: paysage | 59 | 62 | 75 | https://www.boamp.fr/pages/avis/?q=idweb:26-22133",56,873e235a-74a5-4d3d-92f7-a76d7031149a,urbanisme,maîtrise d'oeuvre d'espaces publics,Lille,accord-cadre,urbanisme/paysage,,,[],,,[],,,30.0,NO,"Cette agence, spécialisée dans l'architecture des bâtiments et ayant une expérience notable dans le logement, ne correspond pas aux exigences de ce projet qui porte sur l'urbanisme et la maîtrise d'œuvre des espaces publics. De plus, la localisation du projet à Lille ne s'inscrit pas dans ses régions préférées. ","S'engager dans un projet éloigné de son domaine et de ses préférences géographiques pourrait diluer les efforts et ressources de l'agence, impactant potentiellement leur performance sur des projets plus alignés avec leur spécialisation."
Mission de maîtrise d'œuvre – Création d’une aire publique de stationnement au 18 rue Jules Ferry,Commune de Lucé (28),2026-03-16,26-27134,France,URBANISM_LANDSCAPE,CORE,71300000,https://www.boamp.fr/pages/avis/?q=idweb:26-27134,BOAMP,Mission de maîtrise d'œuvre – Création d’une aire publique de stationnement au 18 rue Jules Ferry | Maîtrise d'oeuvre | APPEL_OFFRE | SERVICES | 71300000 | nature APPEL_OFFRE | type SERVICES | CPV secondaire 71300000 | + fort: maitrise d oeuvre | + fort: mission de maitrise d oeuvre | + fort: architecte | + moyen: amenagement | + moyen: etude | + moyen: paysage | + moyen: paysagiste | 28 | https://www.boamp.fr/pages/avis/?q=idweb:26-27134,56,873e235a-74a5-4d3d-92f7-a76d7031149a,urbanism/landscape,creation of a public parking area,"Lucé (28), France",mastery of work,architecture,,,[],,,[],,,30.0,NO,"L'agence RomainTest se spécialise principalement dans l'architecture de bâtiments résidentiels et scolaires, ainsi que dans des projets de réhabilitation, ce qui ne correspond pas au type de projet proposé ici qui concerne l'urbanisme et l'aménagement paysager. De plus, la localisation à Lucé ne s'aligne pas avec leurs préférences régionales centrées sur Lyon.","Cet appel d'offres ne cadre pas avec les compétences et les aspirations géographiques de l'agence, ce qui pourrait compromettre leur capacité à livrer un projet de qualité. Se concentrer sur des opportunités alignées avec leur expertise assure un meilleur rendement sur leur investissement en temps et en ressources."
Révision du PLUI,Metropole Rouen Normandie,2026-03-08,26-23666,France,URBANISM_LANDSCAPE,CORE,71410000 | 77314000 | 79311000 | 90712000,https://www.boamp.fr/pages/avis/?q=idweb:26-23666,BOAMP,Révision du PLUI | Prestations de services | Assistance à maîtrise d'ouvrage | APPEL_OFFRE | SERVICES | 71410000 | 77314000 | 79311000 | 90712000 | nature APPEL_OFFRE | type SERVICES | CPV archi 71410000 | + fort: architecture | + fort: assistance a maitrise d ouvrage | + fort: urbanisme | + moyen: amenagement | + moyen: ingenierie | + moyen: paysage | - fort: signalisation | 76 | https://www.boamp.fr/pages/avis/?q=idweb:26-23666,62,6504217f-2fc1-4be3-911d-a921b945e76d,Révision du PLUI,Assistance à maîtrise d'ouvrage,"Metropole Rouen Normandie, France",Services,Urbanisme,,,[],,,[],,,40.0,NO,"Cette agence ne devrait pas candidater car le projet porte essentiellement sur l'urbanisme et non sur l'architecture, ce qui n'est pas dans ses spécialités. De plus, les compétences demandées incluent des domaines d'intervention qui sortent du champ d'action privilégié de l'agence.",Éviter de se positionner sur des projets en dehors de son expertise permet à l'agence de concentrer ses ressources sur des opportunités plus pertinentes et alignées avec ses compétences et sa stratégie de développement.
PROJET DE RÉHABILITATION DE L’ESPACE URBAIN AUTOUR DE LA PLACE DU DOCTEUR ROUX  -  MISSION DE PROGRAMMATION ET DE CONCERTATION,Mairie de Chatou,2026-03-10,26-24542,France,URBANISM_LANDSCAPE,CORE,71300000,https://www.boamp.fr/pages/avis/?q=idweb:26-24542,BOAMP,PROJET DE RÉHABILITATION DE L’ESPACE URBAIN AUTOUR DE LA PLACE DU DOCTEUR ROUX  -  MISSION DE PROGRAMMATION ET DE CONCERTATION | Assistance à maîtrise d'ouvrage | APPEL_OFFRE | SERVICES | 71300000 | nature APPEL_OFFRE | type SERVICES | CPV secondaire 71300000 | + fort: architecte | + fort: assistance a maitrise d ouvrage | + fort: urbanisme | + moyen: rehabilitation | + moyen: etude | + moyen: paysage | + moyen: paysagiste | 78 | https://www.boamp.fr/pages/avis/?q=idweb:26-24542,62,6504217f-2fc1-4be3-911d-a921b945e76d,réhabilitation urbaine,mission de programmation et de concertation,"Chatou, France",appel d'offres,urbanisme,,,[],,,[],,,55.0,MAYBE,"L'agence SimonArchi est spécialisée en architecture et assistance à maîtrise d'ouvrage, ce qui pourrait être pertinent pour ce projet. Toutefois, le projet se situe dans le domaine de l'urbanisme, moins aligné avec leurs compétences principales en architecture bâtiment et AMO programmation.","Participer à cet appel d'offres pourrait permettre à SimonArchi d'élargir son champ d'expertise et de s'impliquer dans des projets d'urbanisme, ouvrant ainsi la voie à de futures opportunités dans ce domaine."
Restructuration du gymnase Albert de Mun - Maîtrise d'oeuvre,Ville de Rennes,2026-03-11,26-24551,France,ARCHITECTURE_BUILDING,CORE,71221000,https://www.boamp.fr/pages/avis/?q=idweb:26-24551,BOAMP,Restructuration du gymnase Albert de Mun - Maîtrise d'oeuvre | Maîtrise d'oeuvre | APPEL_OFFRE | SERVICES | 71221000 | nature APPEL_OFFRE | type SERVICES | CPV archi 71221000 | + fort: maitrise d oeuvre | + fort: maitre d oeuvre | + fort: architecte | + fort: architecture | + moyen: rehabilitation | + moyen: etude | + moyen: signaletique | 35 | https://www.boamp.fr/pages/avis/?q=idweb:26-24551,61,6504217f-2fc1-4be3-911d-a921b945e76d,Restructuration,Maîtrise d'oeuvre,"Rennes, France",APPEL_OFFRE,ARCHITECTURE_BUILDING,,,[],,,[],,,75.0,GO,"L'agence SimonArchi est pertinente pour cet appel d'offres car elle a de l'expérience dans des projets éducatifs comme des écoles, ce qui est complémentaire à la restructuration d'un gymnase. Son intérêt pour l'architecture bâtiment et sa localisation à Paris font qu'elle pourrait se déplacer facilement à Rennes pour ce projet.","Participer à cet appel d'offres renforcerait la présence de SimonArchi dans le secteur public et pourrait ouvrir la voie à d'autres projets dans la région Bretagne, augmentant ainsi leur portefeuille et leur visibilité."
Marché de maîtrise d'oeuvre pour la ZAC des Lauves sur la commune de Saint-Paul-lès-Durance,SPLA - Pays d'Aix Territoires,2026-03-15,26-26261,France,ARCHITECTURE_BUILDING,CORE,71000000,https://www.boamp.fr/pages/avis/?q=idweb:26-26261,BOAMP,Marché de maîtrise d'oeuvre pour la ZAC des Lauves sur la commune de Saint-Paul-lès-Durance | Maîtrise d'oeuvre | APPEL_OFFRE | SERVICES | 71000000 | nature APPEL_OFFRE | type SERVICES | CPV fort 71000000 | + fort: maitrise d oeuvre | + fort: architecte | + fort: architecture | + moyen: amenagement | + moyen: etude | + moyen: ingenierie | + moyen: paysage | 13 | https://www.boamp.fr/pages/avis/?q=idweb:26-26261,61,6504217f-2fc1-4be3-911d-a921b945e76d,maîtrise d'oeuvre,ZAC des Lauves,Saint-Paul-lès-Durance,APPEL_OFFRE,ARCHITECTURE_BUILDING,,,[],,,[],,,75.0,MAYBE,"L'agence SimonArchi est spécialisée dans l'architecture de bâtiments et a une expérience dans des projets scolaires, mais n'a pas d'expérience spécifique mentionnée dans la gestion de ZAC. Bien que la localisation à Paris soit de préférence, le projet se trouve en France, ce qui reste favorable. Il serait important d'évaluer les capacités de l'agence à répondre aux exigences spécifiques de ce projet, notamment en termes de collaboration et de ressources pour la maîtrise d'oeuvre.",Candidater à cet appel d'offres pourrait ouvrir de nouvelles opportunités pour SimonArchi dans la région Provence-Alpes-Côte d'Azur et diversifier son portefeuille de projets au-delà de la région parisienne.
Marché de maitrise d'oeuvre pour la réhabilitation du bâtiment Jean Roget  à la Tronche (38),"Pouvoir adjudicateur : UNIVERSITE GRENOBLE ALPES,
1 180 Avenue Centrale
38400 SAINT MARTIN D'HERES
Mandataire agissant au nom et pour le compte du pouvoir adjudicateur :
SAEM TERRITOIRES 38,
Représenté par son Directeur Général Délégué.",2026-03-12,26-24689,France,ARCHITECTURE_BUILDING,CORE,71000000,https://www.boamp.fr/pages/avis/?q=idweb:26-24689,BOAMP,Marché de maitrise d'oeuvre pour la réhabilitation du bâtiment Jean Roget  à la Tronche (38) | Maîtrise d'oeuvre | APPEL_OFFRE | SERVICES | 71000000 | nature APPEL_OFFRE | type SERVICES | CPV fort 71000000 | + fort: maitrise d oeuvre | + fort: architecte | + moyen: rehabilitation | + moyen: etude | 38 | https://www.boamp.fr/pages/avis/?q=idweb:26-24689,61,6504217f-2fc1-4be3-911d-a921b945e76d,réhabilitation,maîtrise d'oeuvre,La Tronche (38),services,ARCHITECTURE_BUILDING,,,"[""school""]",1.0,,[],,,85.0,GO,"L'agence SimonArchi a une expérience pertinente dans les projets de réhabilitation, bien que sa référence principale soit liée à l'éducation. La localisation de l'appel d'offre dans une région préférée et le type de projet correspondent bien à leur profil. Leur taille d'équipe leur permet de répondre efficacement aux exigences d'un marché de maîtrise d'œuvre.","Candidater à cet appel d'offres pourrait permettre à SimonArchi d'élargir sa présence en France, notamment en dehors de Paris, tout en renforçant sa réputation dans le secteur de l'architecture scolaire et de réhabilitation."
Etablissement du schéma directeur du Mont Saint-Michel,Centre des monuments nationaux,2026-03-15,26-26785,France,ARCHITECTURE_BUILDING,CORE,71240000,https://www.boamp.fr/pages/avis/?q=idweb:26-26785,BOAMP,Etablissement du schéma directeur du Mont Saint-Michel | Monuments historiques | APPEL_OFFRE | SERVICES | 71240000 | nature APPEL_OFFRE | type SERVICES | CPV archi 71240000 | + fort: architecte | + fort: architecture | + fort: programmation architecturale | + moyen: etude | + moyen: ingenierie | + moyen: paysage | 50 | 75 | https://www.boamp.fr/pages/avis/?q=idweb:26-26785,61,6504217f-2fc1-4be3-911d-a921b945e76d,Etablissement du schéma directeur,Monuments historiques,"Mont Saint-Michel, France",Services,Architecture,,,[],,,[],,True,75.0,MAYBE,"L'agence SimonArchi a une bonne expérience en architecture, notamment dans le domaine scolaire, ce qui peut être bénéfique pour une mission impliquant la programmation architecturale comme celle du Mont Saint-Michel. Cependant, l'agence a principalement travaillé dans le logement et l'éducation, des domaines qui diffèrent des monuments historiques, ce qui peut limiter leur pertinence.","Candidater à cet appel d'offres pourrait permettre à SimonArchi de diversifier son portefeuille et d'acquérir de l'expérience dans le secteur du patrimoine, un domaine qui peut augmenter sa crédibilité et sa visibilité sur le marché."
"Concours restreint d'Architecture et d'Ingénierie sur esquisse Restructuration et extension du collège "" Goh Lanno "" à PLUVIGNER (56)",SPL Equipements du Morbihan,2026-03-15,26-26581,France,COMPETITIONS,CORE,71200000 | 71221000 | 71300000,https://www.boamp.fr/pages/avis/?q=idweb:26-26581,BOAMP,"Concours restreint d'Architecture et d'Ingénierie sur esquisse Restructuration et extension du collège "" Goh Lanno "" à PLUVIGNER (56) | Maîtrise d'oeuvre | APPEL_OFFRE | SERVICES | 71200000 | 71221000 | 71300000 | nature APPEL_OFFRE | type SERVICES | CPV archi 71200000 | CPV archi 71221000 | CPV secondaire 71300000 | + fort: maitrise d oeuvre | + fort: architecte | + fort: architecture | + fort: concours de maitrise d oeuvre | + moyen: rehabilitation | 56 | https://www.boamp.fr/pages/avis/?q=idweb:26-26581",60,6504217f-2fc1-4be3-911d-a921b945e76d,Restructuration et extension,Collège,"Pluvigner, Morbihan",Concours restreint,Architecture et Ingénierie,,,[],,,[],,True,75.0,MAYBE,"SimonArchi a de l'expérience dans des projets scolaires, ce qui lui donne un atout pour postuler. Cependant, l'agence a des préférences de localisation centrées sur Paris, ce qui pourrait poser un défi logistique pour un projet basé à Pluvigner.",Participer à cet appel d'offres pourrait renforcer la visibilité de SimonArchi en tant que spécialiste des projets d'éducation et élargir son portefeuille dans des régions moins familières.
MAITRISE D'OEUVRE - Aménagement secteur Louvière / Tour Chinoise-.,Commune de Epinal,2026-03-05,26-23147,France,URBANISM_LANDSCAPE,CORE,,https://www.boamp.fr/pages/avis/?q=idweb:26-23147,BOAMP,MAITRISE D'OEUVRE - Aménagement secteur Louvière / Tour Chinoise-. | Maîtrise d'oeuvre | APPEL_OFFRE | SERVICES | nature APPEL_OFFRE | type SERVICES | + fort: maitrise d oeuvre | + fort: architecture | + moyen: amenagement | + moyen: etude | + moyen: paysagiste | 88 | https://www.boamp.fr/pages/avis/?q=idweb:26-23147,59,6504217f-2fc1-4be3-911d-a921b945e76d,Aménagement,Maitrise d'œuvre,"Louvière / Tour Chinoise, Epinal",APPEL_OFFRE,Urbanisme / Paysage,,,[],,,[],,,40.0,NO,"Bien que SimonArchi possède des compétences en architecture et en AMO, l'appel d'offres porte sur le secteur de l'urbanisme et du paysage, ce qui ne correspond pas aux types de projets préférés de l'agence. De plus, l'absence de références requises dans ce domaine risque d'être un obstacle supplémentaire.","Cet appel d'offres représente une opportunité sectorielle qui ne correspond pas à l'expertise alignée de SimonArchi et pourrait diluer les efforts de l'agence, étant donné son focus sur des projets de logement et d'écoles."
MARCHÉ PUBLIC D'ASSISTANCE À MAÎTRISE D'OUVRAGE PROJET TRANSITION ARCHITECTURE ET PAYSAGE (TAP),ENSA de Normandie,2026-03-06,26-22874,France,URBANISM_LANDSCAPE,CORE,73000000,https://www.boamp.fr/pages/avis/?q=idweb:26-22874,BOAMP,MARCHÉ PUBLIC D'ASSISTANCE À MAÎTRISE D'OUVRAGE PROJET TRANSITION ARCHITECTURE ET PAYSAGE (TAP) | Assistance à maîtrise d'ouvrage | APPEL_OFFRE | SERVICES | 73000000 | nature APPEL_OFFRE | type SERVICES | + fort: architecture | + fort: assistance a maitrise d ouvrage | + moyen: paysage | 76 | https://www.boamp.fr/pages/avis/?q=idweb:26-22874,59,6504217f-2fc1-4be3-911d-a921b945e76d,Assistance à maîtrise d'ouvrage,Transition architecture et paysage,"Normandie, France",Marché public,Urbanisme et paysage,,,[],,,[],,,50.0,MAYBE,"Bien que l'agence SimonArchi ait une expertise en assistance à maîtrise d'ouvrage, cet appel d'offres se concentre sur l'urbanisme et le paysage, un domaine moins privilégié par l'agence. Leur expérience limitée dans ce secteur pourrait réduire leur compétitivité. Néanmoins, leur capacité à travailler sur des projets liés à l'architecture pourrait représenter un atout.","Participer à cet appel d'offres pourrait permettre à SimonArchi d'élargir son expertise en collaborant sur des projets de paysage et d'urbanisme, des domaines de plus en plus importants dans le développement durable."
MARCHE D’EXPLOITATION DES INSTALLATIONS THERMIQUES,EnsapBx,2026-03-11,26-24248,France,URBANISM_LANDSCAPE,CORE,50000000 | 50721000,https://www.boamp.fr/pages/avis/?q=idweb:26-24248,BOAMP,"MARCHE D’EXPLOITATION DES INSTALLATIONS THERMIQUES | Chauffage (exploitation, entretien) | APPEL_OFFRE | SERVICES | 50000000 | 50721000 | nature APPEL_OFFRE | type SERVICES | + fort: architecture | + moyen: paysage | - fort: entretien | 33 | https://www.boamp.fr/pages/avis/?q=idweb:26-24248",59,6504217f-2fc1-4be3-911d-a921b945e76d,exploitation des installations thermiques,"chauffage (exploitation, entretien)",France,appel d'offre,urbanisme / paysage,,,[],,,[],,,30.0,NO,"Cette agence ne semble pas alignée avec l'appel d'offres, qui est axé sur l'exploitation et l'entretien des installations thermiques, un domaine éloigné de leur expertise en architecture de bâtiments résidentiels et scolaires. De plus, le projet concerne le paysage et l'urbanisme, qui ne figurent pas parmi les spécialités de l'agence.","Candidater à cet appel d'offres pourrait diluer l'identité de l'agence SimonArchi en la faisant sortir de son champ d'expertise principal, ce qui n'est pas stratégique compte tenu de leur orientation vers des projets d'architecture ciblés."
Marché de maitrise d'oeuvre relatif aux travaux de réfection de l'internat du collège Miriam Makeba,Conseil Départemental du Nord,2026-03-09,26-23968,France,ARCHITECTURE_BUILDING,CORE,71200000,https://www.boamp.fr/pages/avis/?q=idweb:26-23968,BOAMP,Marché de maitrise d'oeuvre relatif aux travaux de réfection de l'internat du collège Miriam Makeba | Maîtrise d'oeuvre | APPEL_OFFRE | SERVICES | 71200000 | nature APPEL_OFFRE | type SERVICES | CPV archi 71200000 | + fort: maitrise d oeuvre | + fort: architecte | + moyen: etude | - fort: materiel | 59 | https://www.boamp.fr/pages/avis/?q=idweb:26-23968,58,6504217f-2fc1-4be3-911d-a921b945e76d,réfection d'internat,,"Nord, France",maîtrise d'oeuvre,ARCHITECTURE_BUILDING,,,[],,,[],,True,85.0,GO,"SimonArchi est bien positionnée pour candidater à ce projet grâce à son expertise en architecture scolaire, comme le démontrent ses références. De plus, le projet de réfection d'un internat s'aligne bien avec leur domaine d'intérêt principal dans l'architecture bâtiment.","Participer à ce projet leur permettrait d'étendre leur portefeuille dans le secteur éducatif en France, tout en renforçant leur visibilité dans des projets de maîtrise d'œuvre publics."
ACCORD CADRE DE MAITRISE D'OEUVRE,SPL LE SEAQUARIUM,2026-03-12,26-24828,France,ARCHITECTURE_BUILDING,CORE,71000000 | 71200000 | 71221000 | 71240000 | 71310000,https://www.boamp.fr/pages/avis/?q=idweb:26-24828,BOAMP,ACCORD CADRE DE MAITRISE D'OEUVRE | Prestations de services | Ingénierie | APPEL_OFFRE | SERVICES | 71000000 | 71200000 | 71221000 | 71240000 | 71310000 | nature APPEL_OFFRE | type SERVICES | CPV fort 71000000 | CPV archi 71200000 | CPV archi 71221000 | CPV archi 71240000 | CPV secondaire 71310000 | + fort: maitrise d oeuvre | + moyen: rehabilitation | + moyen: amenagement | 30 | 34 | 13 | 84 | https://www.boamp.fr/pages/avis/?q=idweb:26-24828,58,6504217f-2fc1-4be3-911d-a921b945e76d,ACCORD CADRE DE MAITRISE D'OEUVRE,Prestations de services en ingénierie et architecture,France,Services,ARCHITECTURE_BUILDING,,,[],,,[],,,85.0,GO,"SimonArchi devrait candidater car l'appel d'offres correspond à son domaine de prédilection, l'architecture de bâtiment. De plus, l'agence a de l'expérience dans des projets similaires, notamment dans le secteur scolaire. Sa taille et son chiffre d'affaires la positionnent bien pour répondre à ce type de mission.","Candidater à cet appel d'offres permet à SimonArchi de renforcer sa présence sur le marché français, tout en diversifiant ses projets, ce qui est crucial pour la croissance de l'agence."
Marché de maitrise d'oeuvre pour la création d'une usine de traitement des forages de Port aux oies à Cannes Ecluse.,Communauté de Communes du Pays de Montereau,2026-03-05,26-22063,France,ARCHITECTURE_BUILDING,CORE,71000000,https://www.boamp.fr/pages/avis/?q=idweb:26-22063,BOAMP,Marché de maitrise d'oeuvre pour la création d'une usine de traitement des forages de Port aux oies à Cannes Ecluse. | Maîtrise d'oeuvre | Alimentation en eau potable | APPEL_OFFRE | SERVICES | 71000000 | nature APPEL_OFFRE | type SERVICES | CPV fort 71000000 | + fort: maitrise d oeuvre | + fort: mission de maitrise d oeuvre | + fort: assistance a maitrise d ouvrage | + fort: urbanisme | + moyen: etude | 77 | https://www.boamp.fr/pages/avis/?q=idweb:26-22063,58,6504217f-2fc1-4be3-911d-a921b945e76d,usine de traitement,maîtrise d'œuvre,"Cannes Ecluse, France",appel d'offres,architecture bâtiment,,,[],,,[],,,70.0,MAYBE,"L'agence SimonArchi a une solide expérience en architecture de bâtiments, mais son activité principale semble se concentrer sur des projets d'habitat et d'éducation. Le projet de l'usine de traitement des forages, bien qu'intéressant, pourrait ne pas correspondre à son portefeuille habituel. Cependant, la mission de maîtrise d'œuvre est en ligne avec ses compétences en architecture et AMO.","Candidater à cet appel d'offres pourrait permettre à SimonArchi de diversifier son portefeuille et d'acquérir de nouvelles références dans le domaine du traitement des eaux, ce qui peut renforcer leur position sur le marché et attirer d'autres opportunités similaires."
Mission de maîtrise d’œuvre pour la conception et la construction d’une nouvelle station d’épuration (Step) à Landaul et démolition des ouvrages existants.,Auray Quiberon Terre Atlantique,2026-03-13,26-26383,France,ARCHITECTURE_BUILDING,CORE,71000000,https://www.boamp.fr/pages/avis/?q=idweb:26-26383,BOAMP,Mission de maîtrise d’œuvre pour la conception et la construction d’une nouvelle station d’épuration (Step) à Landaul et démolition des ouvrages existants. | Maîtrise d'oeuvre | Station d'épuration (travaux) | APPEL_OFFRE | SERVICES | 71000000 | nature APPEL_OFFRE | type SERVICES | CPV fort 71000000 | + fort: maitrise d oeuvre | + fort: architecte | + fort: architecture | + moyen: etude | 56 | https://www.boamp.fr/pages/avis/?q=idweb:26-26383,58,6504217f-2fc1-4be3-911d-a921b945e76d,station d'épuration,maîtrise d’œuvre,Landaul,services,architecture,,,[],,,[],,True,50.0,MAYBE,"Bien que SimonArchi ait une expertise en architecture, ce projet concerne spécifiquement la conception d'une station d'épuration, ce qui n'entre pas directement dans leurs catégories de projets préférées. De plus, leur expérience est plus axée sur les écoles et le logement. Ils peuvent néanmoins tirer parti de ce projet pour diversifier leurs compétences en gestion de projets environnementaux.","Candidater à cet appel d'offres pourrait permettre à SimonArchi d'élargir leur portefeuille et de développer de nouvelles compétences, essentielles dans un contexte de durabilité. Cela pourrait également les positionner stratégiquement sur un marché en pleine évolution en matière d'infrastructures écologiques."
"Accord-cadre de maitrise d'oeuvre urbaine, technique et paysagère de la ZAC Gare Guyancourt - Saint-Quentin",Etablissement public d'aménagement Paris Saclay,2026-03-14,26-26049,France,ARCHITECTURE_BUILDING,CORE,71241000 | 71310000 | 71400000,https://www.boamp.fr/pages/avis/?q=idweb:26-26049,BOAMP,"Accord-cadre de maitrise d'oeuvre urbaine, technique et paysagère de la ZAC Gare Guyancourt - Saint-Quentin | Maîtrise d'oeuvre | APPEL_OFFRE | SERVICES | 71241000 | 71310000 | 71400000 | nature APPEL_OFFRE | type SERVICES | CPV archi 71241000 | CPV secondaire 71310000 | CPV archi 71400000 | + fort: maitrise d oeuvre | + moyen: amenagement | + moyen: paysage | + moyen: zac | 91 | https://www.boamp.fr/pages/avis/?q=idweb:26-26049",58,6504217f-2fc1-4be3-911d-a921b945e76d,"maîtrise d'oeuvre urbaine, technique et paysagère",ZAC Gare Guyancourt - Saint-Quentin,Saint-Quentin,Appel d'offres,ARCHITECTURE_BUILDING,,,[],,,[],,,85.0,GO,"SimonArchi possède une expertise pertinente en architecture de projets urbains, ce qui correspond à l'objet de cet appel d'offres. Étant donné également qu'ils préfèrent travailler en France et à Paris, candidater pour ce projet est stratégique et en phase avec leurs intérêts. De plus, l'agence a une expérience significative dans des projets de type école, enrichissant leur profil pour ce type de maîtrise d'œuvre.",Candidater à ce projet permettrait à SimonArchi de renforcer sa présence sur le marché parisien tout en diversifiant son portefeuille avec des projets d'envergure en aménagement urbain.
Maîtrise d'oeuvre pour la réalisation de la réhabilitation du Gymnase de Saint Trivier de Courtes,IN TERRA,2026-03-13,26-26584,France,ARCHITECTURE_BUILDING,CORE,71240000,https://www.boamp.fr/pages/avis/?q=idweb:26-26584,BOAMP,Maîtrise d'oeuvre pour la réalisation de la réhabilitation du Gymnase de Saint Trivier de Courtes | Maîtrise d'oeuvre | APPEL_OFFRE | SERVICES | 71240000 | nature APPEL_OFFRE | type SERVICES | CPV archi 71240000 | + fort: maitrise d oeuvre | + fort: architecte | + moyen: rehabilitation | + moyen: etude | 1 | https://www.boamp.fr/pages/avis/?q=idweb:26-26584,58,6504217f-2fc1-4be3-911d-a921b945e76d,réhabilitation,Gymnase,Saint Trivier de Courtes,Maîtrise d'œuvre,ARCHITECTURE_BUILDING,,,[],,,[],,,75.0,GO,"L'agence SimonArchi a une expertise dans l'architecture de bâtiment, ce qui correspond bien à l'appel d'offres pour la réhabilitation d'un gymnase. Bien que l'agence n'ait pas d'expérience spécifique en sports, son portefeuille de projets similaires (comme des écoles) lui confère une expérience solide dans le domaine de la réhabilitation et de la conception architecturale en général.","Cet appel d'offres représente une opportunité de diversifier le portefeuille de SimonArchi en investissant dans des projets sportifs, tout en développant leur présence géographique en dehors de Paris."
Mission De Maitrise D'Oeuvre Pour La Renovation Energetique De La Cite Scolaire La Serre De Sarsan A Lourdes,Département des Hautes Pyrénées,2026-03-12,26-25934,France,ARCHITECTURE_BUILDING,CORE,71200000,https://www.boamp.fr/pages/avis/?q=idweb:26-25934,BOAMP,Mission De Maitrise D'Oeuvre Pour La Renovation Energetique De La Cite Scolaire La Serre De Sarsan A Lourdes | Maîtrise d'oeuvre | Ingénierie | APPEL_OFFRE | SERVICES | 71200000 | nature APPEL_OFFRE | type SERVICES | CPV archi 71200000 | + fort: maitrise d oeuvre | + fort: mission de maitrise d oeuvre | + fort: architecte | + moyen: etude | + moyen: ingenierie | 65 | https://www.boamp.fr/pages/avis/?q=idweb:26-25934,58,6504217f-2fc1-4be3-911d-a921b945e76d,Renovation énergétique,Cité scolaire,Lourdes,Mission de maîtrise d'œuvre,Architecture,,,"[""school""]",1.0,,[],,,75.0,GO,"SimonArchi devrait candidater car l'appel d'offres concerne la maîtrise d'œuvre pour une école, ce qui correspond à ses types de projets et à son expérience antérieure. De plus, le projet se situe en France, ce qui est dans ses préférences géographiques.",Candidater à cet appel d'offres permettrait à SimonArchi de renforcer sa notoriété dans le secteur éducatif et d'élargir son portefeuille de projets architecturaux en France.
Maîtrise d'oeuvre relative à la rénovation et l'amélioration de la halle à marée du Port de Royan,Conseil départemental de la charente-maritime,2026-03-12,26-24717,France,ARCHITECTURE_BUILDING,CORE,71200000,https://www.boamp.fr/pages/avis/?q=idweb:26-24717,BOAMP,Maîtrise d'oeuvre relative à la rénovation et l'amélioration de la halle à marée du Port de Royan | Prestations de services | APPEL_OFFRE | SERVICES | 71200000 | nature APPEL_OFFRE | type SERVICES | CPV archi 71200000 | + fort: maitrise d oeuvre | + fort: architecte | + moyen: rehabilitation | + moyen: amenagement | + moyen: etude | 17 | https://www.boamp.fr/pages/avis/?q=idweb:26-24717,58,6504217f-2fc1-4be3-911d-a921b945e76d,réhabilitation,rénovation et amélioration d'une halle,Royan,APPEL_OFFRE,ARCHITECTURE_BUILDING,,,[],,,[],,True,75.0,MAYBE,"L'agence SimonArchi a une expérience pertinente dans le domaine de l'architecture de bâtiments, notamment dans la réhabilitation d'écoles. Cependant, la spécialisation dans les projets maritimes ou de halle n'est pas clairement attestée. En fonction des ressources et de l'intérêt pour ce type de projet, une candidature pourrait être envisagée.","Participer à cet appel d'offres pourrait renforcer le portefeuille de SimonArchi dans le secteur public et diversifier son offre de services, tout en augmenter la visibilité dans des projets d'envergure."
Marché de maîtrise d'oeuvre des espaces publics de l'îlot M10 - secteur Massena - ZAC Paris Rive Gauche,SEMAPA,2026-03-14,26-25956,France,ARCHITECTURE_BUILDING,CORE,71000000,https://www.boamp.fr/pages/avis/?q=idweb:26-25956,BOAMP,Marché de maîtrise d'oeuvre des espaces publics de l'îlot M10 - secteur Massena - ZAC Paris Rive Gauche | Maîtrise d'oeuvre | APPEL_OFFRE | SERVICES | 71000000 | nature APPEL_OFFRE | type SERVICES | CPV fort 71000000 | + fort: maitrise d oeuvre | + fort: architecte | + moyen: espace public | + moyen: etude | + moyen: paysage | + moyen: paysagiste | + moyen: zac | 75 | https://www.boamp.fr/pages/avis/?q=idweb:26-25956,58,6504217f-2fc1-4be3-911d-a921b945e76d,maîtrise d'oeuvre des espaces publics,ZAC Paris Rive Gauche,Paris,appel d'offres,architecture,,,[],,,[],,,85.0,GO,"SimonArchi devrait candidater à cet appel d'offres car le projet se situe à Paris, une région de prédilection pour l'agence. De plus, la catégorie ARCHITECTURE_BUILDING est directement alignée avec leur expertise en matière d'architecture et d'espaces publics.","Candidater à ce projet permettrait à SimonArchi de renforcer sa visibilité sur un marché public important et d'étendre son portefeuille de projets en milieu urbain, en particulier dans le cadre des ZAC."
Marche de maîtrise d’œuvre d’exécution avec mission d’OPC pour des travaux de rénovation et de réhabilitation de locaux à l’EHPAD Jean-François de Hautefort.,EHPAD Hautefort,2026-03-11,26-25376,France,ARCHITECTURE_BUILDING,CORE,71000000,https://www.boamp.fr/pages/avis/?q=idweb:26-25376,BOAMP,"Marche de maîtrise d’œuvre d’exécution avec mission d’OPC pour des travaux de rénovation et de réhabilitation de locaux à l’EHPAD Jean-François de Hautefort. | Maîtrise d'oeuvre | Mission d'ordonnancement, pilotage, coordination (OPC) | APPEL_OFFRE | SERVICES | 71000000 | nature APPEL_OFFRE | type SERVICES | CPV fort 71000000 | + fort: maitrise d oeuvre | + fort: architecte | + moyen: rehabilitation | + moyen: etude | - fort: fourniture | - fort: fournitures | 19 | 24 | 33 | 87 | https://www.boamp.fr/pages/avis/?q=idweb:26-25376",58,6504217f-2fc1-4be3-911d-a921b945e76d,réhabilitation,EHPAD,"Hautefort, France",Appel d'offres,maîtrise d'œuvre,,,[],,,[],,True,85.0,GO,"L'agence SimonArchi est bien positionnée pour candidater à cet appel d'offres en raison de son expérience dans des projets de type réhabilitation, y compris des institutions publiques comme des écoles. De plus, la mission d'ordonnancement, pilotage et coordination (OPC) requise est en adéquation avec leur expertise en AMO.","Candidater à cet appel d'offres permettrait à SimonArchi d'élargir son portfolio en France, tout en se positionnant favorablement dans le secteur de la santé, un domaine en croissance. Cela pourrait également renforcer sa réputation dans le domaine de l'architecture publique."
26S0041-Maitrise d'oeuvre pour la construction de 47 logements - Bâtiment E - Tohannic à VANNES,Morbihan Habitat (56),2026-03-05,26-22408,France,ARCHITECTURE_BUILDING,CORE,71000000,https://www.boamp.fr/pages/avis/?q=idweb:26-22408,BOAMP,26S0041-Maitrise d'oeuvre pour la construction de 47 logements - Bâtiment E - Tohannic à VANNES | Maîtrise d'oeuvre | APPEL_OFFRE | SERVICES | 71000000 | nature APPEL_OFFRE | type SERVICES | CPV fort 71000000 | + fort: maitrise d oeuvre | 56 | https://www.boamp.fr/pages/avis/?q=idweb:26-22408,58,6504217f-2fc1-4be3-911d-a921b945e76d,housing,Maîtrise d'œuvre,Vannes,APPEL_OFFRE,ARCHITECTURE_BUILDING,47 logements,,[],,,[],,,85.0,GO,"SimonArchi devrait candidater car le projet concerne la construction de logements, un domaine qu'ils maîtrisent bien. De plus, leur taille d'équipe et leur expérience à Paris leur confèrent une bonne capacité à réaliser un projet de cette envergure à Vannes.","Participer à cet appel d'offres renforcerait leur portefeuille dans le secteur du logement, tout en leur permettant d'étendre leur présence géographique en dehors de Paris."
Maitrise d'oeuvre du projet de réhabilitation de deux bâtiments de l'ancienne papeterie Jeand'Heurs à L'Isle en Rigault (55) pour l'implantation d'un habitat partagé pour Séniors,CC des Portes De Meuse,2026-03-12,26-24710,France,ARCHITECTURE_BUILDING,CORE,71200000 | 71221000,https://www.boamp.fr/pages/avis/?q=idweb:26-24710,BOAMP,Maitrise d'oeuvre du projet de réhabilitation de deux bâtiments de l'ancienne papeterie Jeand'Heurs à L'Isle en Rigault (55) pour l'implantation d'un habitat partagé pour Séniors | Etude | APPEL_OFFRE | SERVICES | 71200000 | 71221000 | nature APPEL_OFFRE | type SERVICES | CPV archi 71200000 | CPV archi 71221000 | + fort: maitrise d oeuvre | + moyen: rehabilitation | + moyen: etude | 55 | 54 | 51 | 52 | https://www.boamp.fr/pages/avis/?q=idweb:26-24710,58,6504217f-2fc1-4be3-911d-a921b945e76d,réhabilitation,habitat partagé pour Séniors,L'Isle en Rigault (55),,ARCHITECTURE_BUILDING,,,[],,,[],,,75.0,MAYBE,"Cette agence a de l'expérience dans la réhabilitation de bâtiments, ce qui est pertinent pour le projet évoqué. Cependant, le type de projet d'habitat partagé pour Séniors est relativement éloigné de leur spécialisation principale, bien qu'il puisse s'agir d'une extension intéressante de leurs compétences.","Participer à cet appel d'offres pourrait permettre à SimonArchi de diversifier son portfolio en entrant dans le secteur des projets sociaux, tout en restant ancré dans leur domaine de compétence en réhabilitation."
Maîtrise d'oeuvre pour la construction d'un bloc sanitaire public en extension du bureau du Port Diélette,Communauté d'agglomération du Cotentin,2026-03-11,26-25134,France,ARCHITECTURE_BUILDING,CORE,71223000,https://www.boamp.fr/pages/avis/?q=idweb:26-25134,BOAMP,Maîtrise d'oeuvre pour la construction d'un bloc sanitaire public en extension du bureau du Port Diélette | Assistance à maîtrise d'ouvrage | APPEL_OFFRE | SERVICES | 71223000 | nature APPEL_OFFRE | type SERVICES | CPV archi 71223000 | + fort: maitrise d oeuvre | + fort: mission de maitrise d oeuvre | + fort: architecte | + fort: architecture | + fort: assistance a maitrise d ouvrage | + moyen: etude | - fort: fourniture | 50 | https://www.boamp.fr/pages/avis/?q=idweb:26-25134,58,6504217f-2fc1-4be3-911d-a921b945e76d,bloc sanitaire public,maîtrise d'oeuvre,"Port Diélette, France",appel d'offre,architecture,,,[],,,[],,,75.0,MAYBE,"SimonArchi possède une expérience dans des projets d'architecture liés aux écoles, mais n'a pas d'expérience directe dans la construction de blocs sanitaires. Cependant, leur expertise en maîtrise d'œuvre pourrait être applicable. La préférence pour des projets en architecture bâtiment aligne une partie de leur profil sur cet appel d'offres.",Candidater pourrait permettre à SimonArchi d'élargir son portfolio tout en restant dans le cadre de leur expertise. Cela pourrait fournir une opportunité de se positionner sur des projets similaires à l'avenir.
Mission de maîtrise d'oeuvre pour les travaux de modernisation et de réhabilitation de la station de traitement des eaux usées de Bois de Nèfles - Commune de Saint-Leu,Communauté d'Agglomération Territoire de la Côte Ouest (974),2026-03-08,26-23450,France,ARCHITECTURE_BUILDING,CORE,71000000,https://www.boamp.fr/pages/avis/?q=idweb:26-23450,BOAMP,Mission de maîtrise d'oeuvre pour les travaux de modernisation et de réhabilitation de la station de traitement des eaux usées de Bois de Nèfles - Commune de Saint-Leu | Station d'épuration (travaux) | Assainissement | APPEL_OFFRE | SERVICES | 71000000 | nature APPEL_OFFRE | type SERVICES | CPV fort 71000000 | + fort: maitrise d oeuvre | + fort: mission de maitrise d oeuvre | + fort: architecte | + moyen: rehabilitation | 974 | https://www.boamp.fr/pages/avis/?q=idweb:26-23450,58,6504217f-2fc1-4be3-911d-a921b945e76d,maîtrise d'œuvre,réhabilitation et modernisation de station de traitement des eaux usées,"Bois de Nèfles, Saint-Leu, France",services,ARCHITECTURE_BUILDING,,,[],,,[],,True,40.0,NO,"L'agence SimonArchi devrait décliner sa candidature car le projet concerne une station de traitement des eaux usées, ce qui ne correspond pas à ses types de projets préférés. De plus, le territoire de Saint-Leu ne fait pas partie de ses régions privilégiées.","Ce type de projet s'éloigne de l'expertise en architecture résidentielle et scolaire de l'agence, ce qui pourrait affecter leur image et leur positionnement sur le marché."
26V0409 - Restructuration et extension du stade des Arboras - Concours de maîtrise d'oeuvre restreint,VILLE DE NICE,2026-03-08,26-23661,France,COMPETITIONS,CORE,71000000,https://www.boamp.fr/pages/avis/?q=idweb:26-23661,BOAMP,26V0409 - Restructuration et extension du stade des Arboras - Concours de maîtrise d'oeuvre restreint | Maîtrise d'oeuvre | APPEL_OFFRE | SERVICES | 71000000 | nature APPEL_OFFRE | type SERVICES | CPV fort 71000000 | + fort: maitrise d oeuvre | + fort: mission de maitrise d oeuvre | + fort: architecte | + fort: architecture | + fort: concours d architecture | + fort: concours de maitrise d oeuvre | + moyen: amenagement | 6 | https://www.boamp.fr/pages/avis/?q=idweb:26-23661,57,6504217f-2fc1-4be3-911d-a921b945e76d,restructuration et extension,stade,Nice,concours de maîtrise d'œuvre restreint,architecture,,,[],,,[],,True,55.0,MAYBE,"Bien que cet appel d'offres concerne un projet de stade, ce qui n'est pas le cœur d'activité de SimonArchi, la mission de maîtrise d'œuvre et leur expérience en projets liés à l'architecture pourraient les rendre éligibles. Toutefois, leur spécialisation en logement et écoles crée un flou quant à leur adéquation directe avec le type d'infrastructure demandé.","Participer à des projets variés comme celui-ci permet à SimonArchi d'élargir son portefeuille et de gagner en visibilité dans des secteurs moins traditionnellement couverts, ce qui pourrait leur être bénéfique à long terme."
PRESTATIONS DE GEOMETRE SUR L'ENSEMBLE DU PATRIMOINE COMMUNAL,Ville de Levallois,2026-03-11,26-24549,France,URBANISM_LANDSCAPE,CORE,71351810 | 71353000,https://www.boamp.fr/pages/avis/?q=idweb:26-24549,BOAMP,PRESTATIONS DE GEOMETRE SUR L'ENSEMBLE DU PATRIMOINE COMMUNAL | Prestations de services | APPEL_OFFRE | SERVICES | 71351810 | 71353000 | nature APPEL_OFFRE | type SERVICES | CPV secondaire 71351810 | CPV secondaire 71353000 | + fort: urbanisme | + moyen: geometre | + moyen: geometre expert | - fort: fourniture | - fort: fournitures | 92 | https://www.boamp.fr/pages/avis/?q=idweb:26-24549,56,6504217f-2fc1-4be3-911d-a921b945e76d,urbanisme,,Levallois,appel d'offres,géomètre,,,[],,,[],,,40.0,NO,"Bien que SimonArchi ait une expertise en architecture et dans la gestion de projets, cet appel d'offres est spécifiquement axé sur des prestations de géomètre pour le patrimoine communal. Les domaines d'activité de l'agence ne correspondent pas aux exigences de ce projet.","Candidater à cet appel d'offres ne serait pas stratégique pour SimonArchi, car cela ne correspond pas à leur cœur de métier orienté vers l'architecture et l'AMO."
"Marché de maîtrise d'oeuvre architecturale, paysagère et technique - Aménagements de surface de la rue Bruneseau et inversion du schéma de circulation du secteur Bruneseau Nord - ZAC Paris Rive Gauche",SEMAPA,2026-03-08,26-23266,France,URBANISM_LANDSCAPE,CORE,71400000,https://www.boamp.fr/pages/avis/?q=idweb:26-23266,BOAMP,"Marché de maîtrise d'oeuvre architecturale, paysagère et technique - Aménagements de surface de la rue Bruneseau et inversion du schéma de circulation du secteur Bruneseau Nord - ZAC Paris Rive Gauche | Prestations de services | Maîtrise d'oeuvre | APPEL_OFFRE | SERVICES | 71400000 | nature APPEL_OFFRE | type SERVICES | CPV archi 71400000 | + fort: maitrise d oeuvre | + fort: mission de maitrise d oeuvre | + fort: architecte | + moyen: amenagement | + moyen: etude | + moyen: ingenierie | + moyen: paysage | 75 | https://www.boamp.fr/pages/avis/?q=idweb:26-23266",56,6504217f-2fc1-4be3-911d-a921b945e76d,urbanism and landscape design,public space development and circulation scheme modification,Paris,public tender,architecture and landscape architecture,,,[],,,[],,,50.0,MAYBE,"L'agence SimonArchi possède une expérience significative en projets d'architecture, mais son expertise est davantage axée sur des projets d'habitat et d'écoles. Le domaine de l'urbanisme et de l'aménagement de l'espace, bien que pertinent, ne correspond pas directement à son profil principal. Cependant, le projet se déroule à Paris, ce qui pourrait être un facteur d'attractivité pour l'agence.",Candidater à cet appel d'offres pourrait permettre à SimonArchi d'élargir ses compétences vers de nouveaux types de projets tout en capitalisant sur sa localisation stratégique à Paris.
MISSION DE MAITRISE D'OEUVRE POUR LE PROJET DE RESTAURATION HYDROMORPHOLOGIQUE DU RAVIN DE DROUILLE - AM8 SECTEUR DE LA REPASSE -,Durance Luberon Verdon Agglomération,2026-03-06,26-23454,France,URBANISM_LANDSCAPE,CORE,,https://www.boamp.fr/pages/avis/?q=idweb:26-23454,BOAMP,MISSION DE MAITRISE D'OEUVRE POUR LE PROJET DE RESTAURATION HYDROMORPHOLOGIQUE DU RAVIN DE DROUILLE - AM8 SECTEUR DE LA REPASSE - | Maîtrise d'oeuvre | APPEL_OFFRE | SERVICES | nature APPEL_OFFRE | type SERVICES | + fort: maitrise d oeuvre | + fort: mission de maitrise d oeuvre | + moyen: amenagement | + moyen: paysage | 4 | https://www.boamp.fr/pages/avis/?q=idweb:26-23454,56,6504217f-2fc1-4be3-911d-a921b945e76d,restauration hydromorphologique,,France,mission de maîtrise d'oeuvre,urbanisme et paysage,,,[],,,[],,,30.0,NO,"Cette agence ne devrait pas candidater car le projet concerne un secteur d'urbanisme et paysage, ce qui ne correspond pas à son expertise principale en architecture de bâtiments et en AMO programmation. De plus, le type de projet proposé n'entre pas dans les catégories préférées de l'agence.",Candidater à un projet qui ne correspond pas aux compétences de l'agence peut entraîner une perte de ressources et nuire à sa réputation. Il est préférable de se concentrer sur des projets alignés avec son expertise.
"Accord-cadre de maîtrise d'oeuvre d'espaces publics, sur le périmètre de la concession Euralille à la Deûle suivant le plan guide de l'urbaniste en chef",Spl euralille,2026-03-05,26-22133,France,URBANISM_LANDSCAPE,CORE,71300000 | 71311300 | 71400000,https://www.boamp.fr/pages/avis/?q=idweb:26-22133,BOAMP,"Accord-cadre de maîtrise d'oeuvre d'espaces publics, sur le périmètre de la concession Euralille à la Deûle suivant le plan guide de l'urbaniste en chef | Maîtrise d'oeuvre | APPEL_OFFRE | SERVICES | 71300000 | 71311300 | 71400000 | nature APPEL_OFFRE | type SERVICES | CPV secondaire 71300000 | CPV secondaire 71311300 | CPV archi 71400000 | + fort: maitrise d oeuvre | + fort: architecte | + moyen: espace public | + moyen: etude | + moyen: paysage | 59 | 62 | 75 | https://www.boamp.fr/pages/avis/?q=idweb:26-22133",56,6504217f-2fc1-4be3-911d-a921b945e76d,,,,,,,,[],,,[],,,,,,
Mission de maîtrise d'œuvre – Création d’une aire publique de stationnement au 18 rue Jules Ferry,Commune de Lucé (28),2026-03-16,26-27134,France,URBANISM_LANDSCAPE,CORE,71300000,https://www.boamp.fr/pages/avis/?q=idweb:26-27134,BOAMP,Mission de maîtrise d'œuvre – Création d’une aire publique de stationnement au 18 rue Jules Ferry | Maîtrise d'oeuvre | APPEL_OFFRE | SERVICES | 71300000 | nature APPEL_OFFRE | type SERVICES | CPV secondaire 71300000 | + fort: maitrise d oeuvre | + fort: mission de maitrise d oeuvre | + fort: architecte | + moyen: amenagement | + moyen: etude | + moyen: paysage | + moyen: paysagiste | 28 | https://www.boamp.fr/pages/avis/?q=idweb:26-27134,56,6504217f-2fc1-4be3-911d-a921b945e76d,urbanisme,création d'aire publique de stationnement,"Lucé, France",maîtrise d'œuvre,urbanisme,,,[],,,[],,,40.0,NO,"SimonArchi ne devrait pas candidater à cet appel d'offres car le projet concerne spécifiquement l'urbanisme et le paysage, domaines en dehors de leur zone de compétence privilégiée qui inclut principalement l'architecture de bâtiments et d'écoles. De plus, cet appel d'offres est situé à Lucé, une ville qui n'est pas dans leur région préférée, Paris.","Candidater à cet appel d'offres pourrait diluer le positionnement de SimonArchi en se concentrant sur des projets qui ne correspondent pas à leur expertise principale, ce qui pourrait affecter leur image et leur identité de marque."
