decision,priority_bucket,category,score,titre,acheteur,date_publication,date_limite,nature,type_marche,descripteurs,cpv_codes,departement,url,why,idweb,source,publication_number,publication_date,cpv_code,cpv_uri,ted_url
KEEP_HIGH,CORE,COMPETITIONS,74.0,"CONCOURS RESTREINT DE MAITRISE D'OEUVRE SUR ESQUISSE POUR LA CONSTRUCTION DU POLE ENFANCE (UNE ECOLE MATERNELLE, UNE CRECHE ET UN CENTRE DE LOISIRS) A PANTIN",Ville de Pantin,2026-02-25,,APPEL_OFFRE,SERVICES,Maîtrise d'oeuvre,71000000 | 71200000 | 71221000 | 71240000 | 71400000,93,https://www.boamp.fr/pages/avis/?q=idweb:26-19093,nature APPEL_OFFRE | type SERVICES | CPV fort 71000000 | CPV archi 71200000 | CPV archi 71221000 | CPV archi 71240000 | CPV archi 71400000 | + fort: maitrise d oeuvre | + fort: architecte | + fort: concours de maitrise d oeuvre,26-19093,,,,,,
KEEP_HIGH,CORE,ARCHITECTURE_BUILDING,70.0,"Prestations de Maitrise d'œuvre, d'ingénierie et de service pour la réalisation de l'espace d'aménagement touristique de la Pointe Faula",Ville du Vauclin,2026-02-26,2026-03-07T16:00:00+00:00,APPEL_OFFRE,SERVICES,Contrôle technique | Ingénierie | Maîtrise d'oeuvre | Prestations de services | Sécurité incendie | Topographie,71000000 | 71221000 | 71222000 | 71240000 | 71317200 | 71332000 | 71335000 | 71351810 | 71351923 | 71356100 | 71631300,75 | 78 | 971 | 972 | 973,https://www.boamp.fr/pages/avis/?q=idweb:26-19432,nature APPEL_OFFRE | type SERVICES | CPV fort 71000000 | CPV archi 71221000 | CPV archi 71222000 | CPV archi 71240000 | CPV secondaire 71317200 | CPV secondaire 71332000 | CPV secondaire 71335000 | CPV secondaire 71351810,26-19432,,,,,,
KEEP_HIGH,CORE,ARCHITECTURE_BUILDING,53.0,Aménagement de la ZAC de Marchaux-Chaudefontaine,Territoire 25,2026-02-27,2026-03-27T13:00:00+00:00,APPEL_OFFRE,SERVICES,Voirie et réseaux divers | Espaces verts | Prestations de services,71222000 | 71300000 | 71313000 | 71320000 | 71400000 | 90711000,25 | 70 | 90,https://www.boamp.fr/pages/avis/?q=idweb:26-20132,nature APPEL_OFFRE | type SERVICES | CPV archi 71222000 | CPV secondaire 71300000 | CPV secondaire 71313000 | CPV secondaire 71320000 | CPV archi 71400000 | + fort: maitrise d oeuvre | + fort: mission de maitrise d oeuvre | + fort: architecte,26-20132,,,,,,
KEEP_HIGH,CORE,COMPETITIONS,47.0,Concours de maitrise d'oeuvre pour les travaux de restructuration du gymnase de Saint Céré (46),CC Causses et Vallée de la Dordogne,2026-02-24,2026-04-10T10:00:00+00:00,APPEL_OFFRE,SERVICES,Maîtrise d'oeuvre,71221000 | 71230000 | 71240000,46,https://www.boamp.fr/pages/avis/?q=idweb:26-18678,nature APPEL_OFFRE | type SERVICES | CPV archi 71221000 | CPV archi 71230000 | CPV archi 71240000 | + fort: maitrise d oeuvre | + fort: maitre d oeuvre | + fort: concours de maitrise d oeuvre,26-18678,,,,,,
KEEP_HIGH,CORE,COMPETITIONS,41.0,CONCOURS - MISSION DE MAITRISE D'OEUVRE POUR LA RECONSTRUCTION DE L'EHPAD GASTON MONMOUSSEAU,EHPAD GASTON MONMOUSSEAU,2026-03-08,,APPEL_OFFRE,SERVICES,Ingénierie,71000000 | 71200000 | 71300000,93,https://www.boamp.fr/pages/avis/?q=idweb:26-23606,nature APPEL_OFFRE | type SERVICES | CPV fort 71000000 | CPV archi 71200000 | CPV secondaire 71300000 | + fort: maitrise d oeuvre | + fort: mission de maitrise d oeuvre | + moyen: ingenierie,26-23606,,,,,,
KEEP_HIGH,CORE,COMPETITIONS,41.0,Mission de maîtrise d’œuvre relative aux études de conception pour la reconstruction du centre de formation de l'AFPAR de Saint-François - Phase Candidatures,Région Réunion,2026-03-01,,APPEL_OFFRE,SERVICES,Prestations de services,71240000 | 71245000 | 71247000,974,https://www.boamp.fr/pages/avis/?q=idweb:26-20396,nature APPEL_OFFRE | type SERVICES | CPV archi 71240000 | CPV archi 71245000 | CPV archi 71247000 | + fort: architecte | + fort: architecture | + moyen: etude | + moyen: ingenierie | + moyen: paysagiste,26-20396,,,,,,
KEEP_HIGH,CORE,ARCHITECTURE_BUILDING,40.0,Marché de maitrise d'oeuvre pour la création d'une usine de traitement des forages de Port aux oies à Cannes Ecluse.,Communauté de Communes du Pays de Montereau,2026-03-05,2026-04-03T10:00:00+00:00,APPEL_OFFRE,SERVICES,Maîtrise d'oeuvre | Alimentation en eau potable,71000000,77,https://www.boamp.fr/pages/avis/?q=idweb:26-22063,nature APPEL_OFFRE | type SERVICES | CPV fort 71000000 | + fort: maitrise d oeuvre | + fort: mission de maitrise d oeuvre | + fort: assistance a maitrise d ouvrage | + fort: urbanisme | + moyen: etude,26-22063,,,,,,
KEEP_HIGH,CORE,ARCHITECTURE_BUILDING,40.0,MARCHE DE MAITRISE D'OEUVRE POUR LA REHABILITATION DE LA NOUVELLE MAISON DE LA SOLIDARITE DEPARTEMENTALE A LOURDES,Département des Hautes Pyrénées,2026-03-04,2026-04-07T10:00:00+00:00,APPEL_OFFRE,SERVICES,Maîtrise d'oeuvre | Ingénierie,71220000 | 71240000,65,https://www.boamp.fr/pages/avis/?q=idweb:26-21416,nature APPEL_OFFRE | type SERVICES | CPV archi 71220000 | CPV archi 71240000 | + fort: maitrise d oeuvre | + fort: architecte | + moyen: rehabilitation | + moyen: etude | + moyen: ingenierie,26-21416,,,,,,
KEEP_HIGH,CORE,ARCHITECTURE_BUILDING,38.0,Maîtrise d'œuvre pour la restauration du chevet de l'église Saint Séverin Paris 5ème,VILLE de PARIS - DFA - SDA,2026-03-10,2026-04-14T11:00:00+00:00,APPEL_OFFRE,SERVICES,Maîtrise d'oeuvre,71000000 | 71200000,75,https://www.boamp.fr/pages/avis/?q=idweb:26-23952,nature APPEL_OFFRE | type SERVICES | CPV fort 71000000 | CPV archi 71200000 | + fort: maitrise d oeuvre | + fort: architecte | + moyen: etude,26-23952,,,,,,
KEEP_HIGH,CORE,ARCHITECTURE_BUILDING,38.0,Mission de maîtrise d’œuvre pour l'aménagement d'une ancienne bergerie et d'un ancien chai et création d'un pôle métiers d'arts aux Matelles (34),Cté Cnes du Grand Pic St Loup,2026-02-25,2026-04-07T11:00:00+00:00,APPEL_OFFRE,SERVICES,Maîtrise d'oeuvre,71000000,30 | 34,https://www.boamp.fr/pages/avis/?q=idweb:26-19185,nature APPEL_OFFRE | type SERVICES | CPV fort 71000000 | + fort: maitrise d oeuvre | + fort: architecte | + moyen: rehabilitation | + moyen: amenagement | + moyen: etude | + moyen: paysage | + moyen: interieur,26-19185,,,,,,
KEEP_HIGH,CORE,ARCHITECTURE_BUILDING,37.0,ASSISTANCE À MAÎTRISE D'OUVRAGE POUR L'AMÉNAGEMENT INTÉRIEUR ET LA SIGNALÉTIQUE DE LA MAIRIE-MÉDIATHÈQUE DE MAROMME - ARCHITECTE D'INTERIEUR,Ville de Maromme,2026-03-10,2026-04-10T12:00:00+00:00,APPEL_OFFRE,SERVICES,Assistance technique | Assistance à maîtrise d'ouvrage,71241000,14 | 27 | 50 | 60 | 61 | 76 | 78 | 80 | 95,https://www.boamp.fr/pages/avis/?q=idweb:26-24802,nature APPEL_OFFRE | type SERVICES | CPV archi 71241000 | + fort: architecte | + fort: architecte d interieur | + fort: assistance a maitrise d ouvrage | + moyen: amenagement | + moyen: signaletique | + moyen: interieur,26-24802,,,,,,
KEEP_HIGH,CORE,COMPETITIONS,37.0,La consultation concerne l'organisation d'un concours de maîtrise d'oeuvre portant sur la rénovation (dont rénov énergétique) et l'extension du siège social de la Communauté de communes de Marana Golo,Communauté de Communes Marana Golo,2026-03-10,2026-04-20T10:00:00+00:00,APPEL_OFFRE,SERVICES,Maîtrise d'oeuvre,71200000 | 71223000 | 71240000,20B,https://www.boamp.fr/pages/avis/?q=idweb:26-23977,nature APPEL_OFFRE | type SERVICES | CPV archi 71200000 | CPV archi 71223000 | CPV archi 71240000 | + fort: maitrise d oeuvre | + fort: concours de maitrise d oeuvre | + moyen: amenagement | - fort: photovoltaique,26-23977,,,,,,
KEEP_HIGH,CORE,URBANISM_LANDSCAPE,36.0,"Marché de maîtrise d'oeuvre architecturale, paysagère et technique - Aménagements de surface de la rue Bruneseau et inversion du schéma de circulation du secteur Bruneseau Nord - ZAC Paris Rive Gauche",SEMAPA,2026-03-08,2026-04-17T10:00:00+00:00,APPEL_OFFRE,SERVICES,Prestations de services | Maîtrise d'oeuvre,71400000,75,https://www.boamp.fr/pages/avis/?q=idweb:26-23266,nature APPEL_OFFRE | type SERVICES | CPV archi 71400000 | + fort: maitrise d oeuvre | + fort: mission de maitrise d oeuvre | + fort: architecte | + moyen: amenagement | + moyen: etude | + moyen: ingenierie | + moyen: paysage,26-23266,,,,,,
KEEP_HIGH,CORE,ARCHITECTURE_BUILDING,35.0,Mission de maîtrise d'oeuvre pour les travaux de modernisation et de réhabilitation de la station de traitement des eaux usées de Bois de Nèfles - Commune de Saint-Leu,Communauté d'Agglomération Territoire de la Côte Ouest (974),2026-03-08,2026-04-07T08:00:00+00:00,APPEL_OFFRE,SERVICES,Station d'épuration (travaux) | Assainissement,71000000,974,https://www.boamp.fr/pages/avis/?q=idweb:26-23450,nature APPEL_OFFRE | type SERVICES | CPV fort 71000000 | + fort: maitrise d oeuvre | + fort: mission de maitrise d oeuvre | + fort: architecte | + moyen: rehabilitation,26-23450,,,,,,
KEEP_HIGH,CORE,URBANISM_LANDSCAPE,35.0,"Accord-cadre de maîtrise d'oeuvre d'espaces publics, sur le périmètre de la concession Euralille à la Deûle suivant le plan guide de l'urbaniste en chef",Spl euralille,2026-03-05,,APPEL_OFFRE,SERVICES,Maîtrise d'oeuvre,71300000 | 71311300 | 71400000,59 | 62 | 75,https://www.boamp.fr/pages/avis/?q=idweb:26-22133,nature APPEL_OFFRE | type SERVICES | CPV secondaire 71300000 | CPV secondaire 71311300 | CPV archi 71400000 | + fort: maitrise d oeuvre | + fort: architecte | + moyen: espace public | + moyen: etude | + moyen: paysage,26-22133,,,,,,
KEEP_HIGH,CORE,ARCHITECTURE_BUILDING,35.0,"25N0680 - Missions d'études d'aménagement et de programmation urbaine, fonctionnelle et architecturale.",METROPOLE NICE COTE D'AZUR,2026-02-26,2026-04-15T12:00:00+00:00,APPEL_OFFRE,SERVICES,Prestations de services | Etude,71241000,6,https://www.boamp.fr/pages/avis/?q=idweb:26-19594,nature APPEL_OFFRE | type SERVICES | CPV archi 71241000 | + fort: architecte | + fort: urbanisme | + fort: programmation urbaine | + moyen: amenagement | + moyen: etude,26-19594,,,,,,
KEEP_HIGH,CORE,COMPETITIONS,35.0,Concours restreint avec remise d’esquisse pour la passation d’un marché de maîtrise d’œuvre dans le cadre de la construction du site de production des Laboratoires des Pyrénées et des Landes sur le Pa,SATEL,2026-02-26,,APPEL_OFFRE,SERVICES,Maîtrise d'oeuvre,71000000,40,https://www.boamp.fr/pages/avis/?q=idweb:26-19549,nature APPEL_OFFRE | type SERVICES | CPV fort 71000000 | + fort: maitrise d oeuvre | + fort: mission de maitrise d oeuvre | + fort: architecte | + fort: architecture | + moyen: etude | + moyen: signaletique | - fort: maintenance,26-19549,,,,,,
KEEP_HIGH,CORE,ARCHITECTURE_BUILDING,34.0,Mission de maîtrise d’œuvre relative au projet d’aménagement d’un accès secondaire et d’un parking pour le futur commissariat d’Aulnay-sous-Bois sis 8 Avenue du Maréchal Juin (93600).,PREFECTURE DE POLICE DE PARIS,2026-03-04,2026-03-02T11:00:00+00:00,APPEL_OFFRE,SERVICES,Maîtrise d'oeuvre,71200000 | 71300000 | 71400000,75 | 77 | 78 | 91 | 92 | 93 | 94 | 95,https://www.boamp.fr/pages/avis/?q=idweb:26-21845,nature APPEL_OFFRE | type SERVICES | CPV archi 71200000 | CPV secondaire 71300000 | CPV archi 71400000 | + fort: maitrise d oeuvre | + moyen: amenagement,26-21845,,,,,,
KEEP_HIGH,CORE,COMPETITIONS,33.0,Mission de maîtrise d'oeuvre pour la réhabilitation de la halle des expositions à Evreux - Concours restreint,Mairie d'Evreux,2026-02-25,2026-03-27T11:00:00+00:00,APPEL_OFFRE,SERVICES,Maîtrise d'oeuvre,71221000,27,https://www.boamp.fr/pages/avis/?q=idweb:26-18880,nature APPEL_OFFRE | type SERVICES | CPV archi 71221000 | + fort: maitrise d oeuvre | + fort: mission de maitrise d oeuvre | + fort: concours de maitrise d oeuvre | + moyen: rehabilitation,26-18880,,,,,,
KEEP_HIGH,CORE,ARCHITECTURE_BUILDING,32.0,25V1158-Assistance à maitrise d'ouvrage bâtiment,VILLE DE NICE,2026-03-10,2026-04-30T12:00:00+00:00,APPEL_OFFRE,SERVICES,Prestations de services | Etude,71241000,6,https://www.boamp.fr/pages/avis/?q=idweb:26-24039,nature APPEL_OFFRE | type SERVICES | CPV archi 71241000 | + fort: assistance a maitrise d ouvrage | + fort:  amo  | + moyen: rehabilitation | + moyen: amenagement | + moyen: etude,26-24039,,,,,,
KEEP_HIGH,CORE,ARCHITECTURE_BUILDING,32.0,"Rillieux la Pape : Mission d'urbaniste architecte paysagiste en chef de la ZAC des Alagniers / Assistance à Maîtrise d'Ouvrage, Qualité Environnementale Urbaine / Qualité Environnementale du Bâti",GRANDLYON Métropole,2026-03-06,2026-04-17T14:00:00+00:00,APPEL_OFFRE,SERVICES,Assistance à maîtrise d'ouvrage,71240000,69,https://www.boamp.fr/pages/avis/?q=idweb:26-22537,nature APPEL_OFFRE | type SERVICES | CPV archi 71240000 | + fort: architecte | + fort: assistance a maitrise d ouvrage | + moyen: etude | + moyen: paysagiste | + moyen: zac,26-22537,,,,,,
KEEP_HIGH,CORE,ARCHITECTURE_BUILDING,32.0,MISSION DE MAÎTRISE D'OEUVRE POUR LA LA RÉHABILITATION DE LOCAUX EN POSTE DE POLICE MUNICIPALE,Commune de Taverny,2026-02-26,2026-04-03T17:00:00+00:00,APPEL_OFFRE,SERVICES,Ingénierie,71000000,95,https://www.boamp.fr/pages/avis/?q=idweb:26-20151,nature APPEL_OFFRE | type SERVICES | CPV fort 71000000 | + fort: maitrise d oeuvre | + fort: mission de maitrise d oeuvre | + moyen: rehabilitation | + moyen: ingenierie,26-20151,,,,,,
KEEP_HIGH,SECONDARY,SURVEY_TOPO,31.0,maitrise d'oeuvre,EFS BRET,2026-03-06,2026-04-13T17:00:00+00:00,APPEL_OFFRE,SERVICES,Etude | Ingénierie | Maîtrise d'oeuvre,71250000,35 | 29 | 56 | 22,https://www.boamp.fr/pages/avis/?q=idweb:26-22622,nature APPEL_OFFRE | type SERVICES | CPV archi 71250000 | + fort: maitrise d oeuvre | + moyen: rehabilitation | + moyen: amenagement | + moyen: etude | + moyen: ingenierie | + moyen: interieur,26-22622,,,,,,
KEEP_HIGH,CORE,ARCHITECTURE_BUILDING,31.0,Mission de maitrise d'oeuvre pour l'aménagement du front de neige du quartier du Lavachet à Tignes,Commune de Tignes,2026-03-05,2026-04-10T10:00:00+00:00,APPEL_OFFRE,SERVICES,Maîtrise d'oeuvre,71240000 | 71300000,73,https://www.boamp.fr/pages/avis/?q=idweb:26-21891,nature APPEL_OFFRE | type SERVICES | CPV archi 71240000 | CPV secondaire 71300000 | + fort: maitrise d oeuvre | + fort: mission de maitrise d oeuvre | + moyen: amenagement,26-21891,,,,,,
KEEP_HIGH,CORE,ARCHITECTURE_BUILDING,31.0,Marché de Maîtrise d'oeuvre pour la rénovation et l'aménagement des bâtiments A-B-C du centre de gestion de la fonction publique de Saône et Loire à 71000 MACON,"SEMA 71, agissant au nom et pour le compte du Centre de Gestion de la Fonction publique Territoriale de Saône et Loire",2026-03-04,,APPEL_OFFRE,SERVICES,Maîtrise d'oeuvre,71200000 | 71221000,71,https://www.boamp.fr/pages/avis/?q=idweb:26-21821,nature APPEL_OFFRE | type SERVICES | CPV archi 71200000 | CPV archi 71221000 | + fort: maitrise d oeuvre | + moyen: amenagement,26-21821,,,,,,
KEEP_HIGH,CORE,ARCHITECTURE_BUILDING,31.0,Marché de maitrise d'oeuvre pour la rénovation et l'extension du Gymnase Jeannie Longo à Saint-Martin-le-Vinoux,SIVOM du Néron,2026-03-01,2026-03-30T10:00:00+00:00,APPEL_OFFRE,SERVICES,Maîtrise d'oeuvre | Bâtiment,71221000 | 71223000,38,https://www.boamp.fr/pages/avis/?q=idweb:26-20629,nature APPEL_OFFRE | type SERVICES | CPV archi 71221000 | CPV archi 71223000 | + fort: maitrise d oeuvre | + moyen: rehabilitation,26-20629,,,,,,
KEEP_HIGH,CORE,ARCHITECTURE_BUILDING,30.0,"Maîtrise d'oeuvre pour la rénovation thermique des batiments E, F et C du campus Agronova - EPLEFPA Montbrison-Précieux (42)",DEL - Direction de l éducation et des lycées,2026-03-10,2026-05-05T12:00:00+00:00,APPEL_OFFRE,SERVICES,Ingénierie,71000000,42,https://www.boamp.fr/pages/avis/?q=idweb:26-24470,nature APPEL_OFFRE | type SERVICES | CPV fort 71000000 | + fort: maitrise d oeuvre | + fort: mission de maitrise d oeuvre | + moyen: ingenierie,26-24470,,,,,,
KEEP_HIGH,CORE,ARCHITECTURE_BUILDING,30.0,Mission de maîtrise d'oeuvre partielle pour les travaux de remise aux normes du bâtiment de la crèche Mouriscot,COMMUNE DE BIARRITZ,2026-03-05,2026-03-27T16:00:00+00:00,APPEL_OFFRE,SERVICES,Maîtrise d'oeuvre,71000000,64,https://www.boamp.fr/pages/avis/?q=idweb:26-23134,nature APPEL_OFFRE | type SERVICES | CPV fort 71000000 | + fort: maitrise d oeuvre | + fort: mission de maitrise d oeuvre | + moyen: etude,26-23134,,,,,,
KEEP_HIGH,CORE,COMPETITIONS,30.0,Concours de maîtrise d'oeuvre pour la construction d'un équipement public ayant vocation d'accueillir une Maison des Jeunes et de la Culture et un service jeunesse pour la commune de Combs-la-Ville,Mairie de Combs-la-Ville,2026-03-01,,APPEL_OFFRE,SERVICES,"Ingénierie | Mission d'ordonnancement, pilotage, coordination (OPC) | Prestations de services",71000000,77,https://www.boamp.fr/pages/avis/?q=idweb:26-20628,nature APPEL_OFFRE | type SERVICES | CPV fort 71000000 | + fort: maitrise d oeuvre | + fort: concours de maitrise d oeuvre | + moyen: ingenierie,26-20628,,,,,,
KEEP_HIGH,SECONDARY,SURVEY_TOPO,30.0,Système d'Acquisition Dynamique pour la réalisation d'études techniques liées aux travaux de bâtiment,Département de la Dordogne,2026-02-27,2030-03-01T11:00:00+00:00,APPEL_OFFRE,SERVICES,Etude,71313410 | 71315200 | 71317100 | 71328000 | 71335000 | 71351500 | 71351810 | 71500000 | 71520000 | 71700000 | 79311000,24 | 16 | 17 | 19 | 33 | 46 | 47 | 87,https://www.boamp.fr/pages/avis/?q=idweb:26-19996,nature APPEL_OFFRE | type SERVICES | CPV secondaire 71313410 | CPV secondaire 71315200 | CPV secondaire 71317100 | CPV secondaire 71328000 | CPV secondaire 71335000 | CPV secondaire 71351500 | CPV secondaire 71351810 | CPV secondaire 71500000,26-19996,,,,,,
KEEP_HIGH,SECONDARY,SURVEY_TOPO,30.0,Accord-cadre de Prestations intellectuelles pour la Réhabilitation de l'îlot 2 Terrasse Front de Médoc au Quartier Mériadeck à Bordeaux (33) Opération n°BM-25-01-02 – Accord-cadre BM-2025FDM-02 - Rela,COPUBLIC (mandataire de Bordeaux Métropole),2026-02-27,2026-03-30T11:00:00+00:00,APPEL_OFFRE,SERVICES,Etude,71250000 | 71311300 | 71354100,33,https://www.boamp.fr/pages/avis/?q=idweb:26-19788,nature APPEL_OFFRE | type SERVICES | CPV archi 71250000 | CPV secondaire 71311300 | CPV secondaire 71354100 | + moyen: rehabilitation | + moyen: geometre | + moyen: geometre expert | + moyen: etude,26-19788,,,,,,
KEEP_HIGH,CORE,ARCHITECTURE_BUILDING,30.0,Mission de maîtrise d'oeuvre pour la réhabilitation et aménagement de l'îlot urbain des services publics,COMMUNE DE TOUCY,2026-02-25,2026-03-10T11:00:00+00:00,APPEL_OFFRE,SERVICES,Maîtrise d'oeuvre,71200000,10 | 21 | 45 | 58 | 75 | 89,https://www.boamp.fr/pages/avis/?q=idweb:26-18974,nature APPEL_OFFRE | type SERVICES | CPV archi 71200000 | + fort: maitrise d oeuvre | + fort: mission de maitrise d oeuvre | + moyen: rehabilitation | + moyen: amenagement,26-18974,,,,,,
KEEP_HIGH,SECONDARY,ENGINEERING,28.0,MISSION DE MAITRISE D'OEUVRE POUR LA REALISATION DE TRAVAUX DE MISE A NIVEAU D'EAU POTABLE ET D'ASSAINISSEMENT - SYNDICAT MIXTE D'AMENAGEMENT DE LA FORET DE LENTE ET DE FONT D'URLE,Département de la Drôme,2026-03-08,2026-04-10T15:00:00+00:00,APPEL_OFFRE,SERVICES,Maîtrise d'oeuvre,71300000 | 71313000,26,https://www.boamp.fr/pages/avis/?q=idweb:26-23553,nature APPEL_OFFRE | type SERVICES | CPV secondaire 71300000 | CPV secondaire 71313000 | + fort: maitrise d oeuvre | + fort: mission de maitrise d oeuvre | + moyen: amenagement | + moyen: etude,26-23553,,,,,,
KEEP_HIGH,CORE,ARCHITECTURE_BUILDING,28.0,Mission de maîtrise d'oeuvre du réaménagement du pôle gare de Houilles - Carrières-sur-Seine,CA SAINT GERMAIN BOUCLES DE SEINE,2026-03-06,2026-04-06T10:00:00+00:00,APPEL_OFFRE,SERVICES,Maîtrise d'oeuvre,71241000,78,https://www.boamp.fr/pages/avis/?q=idweb:26-22762,nature APPEL_OFFRE | type SERVICES | CPV archi 71241000 | + fort: maitrise d oeuvre | + fort: mission de maitrise d oeuvre | + moyen: amenagement,26-22762,,,,,,
KEEP_HIGH,CORE,AMO_PROGRAMMING,28.0,Mission d'Assistance à Maîtrise d'Ouvrage (AMO) relative aux études de réhabilitation des ponts à caisson en béton précontraint d'Aramon et de Vallabrègues,Conseil départemental du Gard,2026-03-05,2026-03-24T15:00:00+00:00,APPEL_OFFRE,SERVICES,Etude | Assistance à maîtrise d'ouvrage,71336000,30,https://www.boamp.fr/pages/avis/?q=idweb:26-21963,nature APPEL_OFFRE | type SERVICES | CPV secondaire 71336000 | + fort: maitrise d oeuvre | + fort: maitre d oeuvre | + fort: assistance a maitrise d ouvrage | + fort:  amo  | + moyen: rehabilitation | + moyen: etude | - fort: maintenance,26-21963,,,,,,
KEEP_HIGH,CORE,ARCHITECTURE_BUILDING,28.0,CONTRAT DE MAITRISE D’OEUVRE POUR LA REALISATION D’UNE GENDARMERIE A CLUNY / PHASE OFFRE,SPL SUD BOURGOGNE AMENAGEMENT,2026-03-03,,APPEL_OFFRE,SERVICES,Bâtiment | Etude,71200000 | 71300000,71,https://www.boamp.fr/pages/avis/?q=idweb:26-21055,nature APPEL_OFFRE | type SERVICES | CPV archi 71200000 | CPV secondaire 71300000 | + fort: maitrise d oeuvre | + moyen: amenagement | + moyen: etude,26-21055,,,,,,
KEEP_HIGH,CORE,ARCHITECTURE_BUILDING,28.0,Mission de maitrise d'oeuvre pour la réhabilitation du parking A5 à Sevran,Ville de Sevran,2026-03-02,2026-03-13T12:00:00+00:00,APPEL_OFFRE,SERVICES,Maîtrise d'oeuvre,71221000,93,https://www.boamp.fr/pages/avis/?q=idweb:26-21468,nature APPEL_OFFRE | type SERVICES | CPV archi 71221000 | + fort: maitrise d oeuvre | + fort: mission de maitrise d oeuvre | + moyen: rehabilitation,26-21468,,,,,,
KEEP_HIGH,CORE,ARCHITECTURE_BUILDING,28.0,QUETIGNY - RELANCE - Mission de maîtrise d'oeuvre en vue de la rénovation énergétique de la cantine et restructuration du site des Aiguisons,Quetigny,2026-03-01,2026-03-13T11:00:00+00:00,APPEL_OFFRE,SERVICES,Maîtrise d'oeuvre,71241000 | 79311000 | 79311100,21,https://www.boamp.fr/pages/avis/?q=idweb:26-20771,nature APPEL_OFFRE | type SERVICES | CPV archi 71241000 | + fort: maitrise d oeuvre | + fort: mission de maitrise d oeuvre | + moyen: rehabilitation,26-20771,,,,,,
KEEP_HIGH,CORE,ARCHITECTURE_BUILDING,28.0,"Accords-cadres mono-attributaire à bons de commande pour la réalisation d’études capacitaires et d’études de faisabilité, dans le cadre d’opérations de construction neuve et/ou de restructuration et/o",Région Ile de France,2026-02-26,2026-03-30T16:00:00+00:00,APPEL_OFFRE,SERVICES,Ingénierie,71200000 | 71241000,93 | 75 | 77 | 78 | 91 | 92 | 94 | 95,https://www.boamp.fr/pages/avis/?q=idweb:26-19290,nature APPEL_OFFRE | type SERVICES | CPV archi 71200000 | CPV archi 71241000 | + moyen: etude | + moyen: ingenierie,26-19290,,,,,,
KEEP_HIGH,CORE,ARCHITECTURE_BUILDING,28.0,"Maîtrise d'oeuvre pour réhabilitation et l’extension de la maison de quartier "" la Baleine"" de Marcouville à Pontoise",Ville de Pontoise,2026-02-26,,APPEL_OFFRE,SERVICES,Maîtrise d'oeuvre,71221000,95,https://www.boamp.fr/pages/avis/?q=idweb:26-19248,nature APPEL_OFFRE | type SERVICES | CPV archi 71221000 | + fort: maitrise d oeuvre | + fort: mission de maitrise d oeuvre | + moyen: rehabilitation,26-19248,,,,,,
KEEP_HIGH,SECONDARY,SURVEY_TOPO,28.0,"Marché de Maîtrise d'Oeuvre - Réhabilitation Thermique des résidences ""Les Jardins D/E"" à Veynes (05400) et ""La Sagnette"" à Saint Firmin (05800)",Oph 05,2026-02-26,2026-03-23T11:00:00+00:00,APPEL_OFFRE,SERVICES,Maîtrise d'oeuvre,71250000,5,https://www.boamp.fr/pages/avis/?q=idweb:26-20351,nature APPEL_OFFRE | type SERVICES | CPV archi 71250000 | + fort: maitrise d oeuvre | + fort: mission de maitrise d oeuvre | + moyen: rehabilitation,26-20351,,,,,,
KEEP_HIGH,CORE,ARCHITECTURE_BUILDING,28.0,Mission de maîtrise d'œuvre dans le cadre d’un plan de travaux de rénovations de demi-pensions et de rénovations globales (2 lots),Région Ile de France,2026-02-26,,APPEL_OFFRE,SERVICES,Maîtrise d'oeuvre,71200000 | 71242000 | 71327000 | 71521000,93 | 77 | 78 | 91 | 92 | 94,https://www.boamp.fr/pages/avis/?q=idweb:26-19273,nature APPEL_OFFRE | type SERVICES | CPV archi 71200000 | CPV archi 71242000 | CPV secondaire 71327000 | CPV secondaire 71521000 | + fort: maitrise d oeuvre | - fort: materiel,26-19273,,,,,,
KEEP_HIGH,CORE,ARCHITECTURE_BUILDING,28.0,"Mission de maîtrise d'oeuvre portant sur le désamiantage, la démolition et la dépollution du bâtiment 20 des friches NSC suite à un incendie",COMMUNE DE GUEBWILLER,2026-02-26,2026-03-26T12:00:00+00:00,APPEL_OFFRE,SERVICES,Maîtrise d'oeuvre | Dépollution | Démolition | Amiante (désamiantage),71221000,68,https://www.boamp.fr/pages/avis/?q=idweb:26-20023,nature APPEL_OFFRE | type SERVICES | CPV archi 71221000 | + fort: maitrise d oeuvre | + fort: mission de maitrise d oeuvre | + moyen: etude,26-20023,,,,,,
KEEP_HIGH,CORE,AMO_PROGRAMMING,28.0,BRETIGNY-SUR-ORGE (91) – IRBA – Rafraichissement du bâtiment DEWOITINE -  Prestation d’études techniques CVC/thermique (AMO Thermique/CVC – Phase conception/exécution),SERVICE D'INFRASTRUCTURE DE LA DEFENSE ILE DE FRANCE,2026-02-25,2026-03-30T11:00:00+00:00,APPEL_OFFRE,SERVICES,Etude | Assistance à maîtrise d'ouvrage,71250000,91 | 78,https://www.boamp.fr/pages/avis/?q=idweb:26-18826,nature APPEL_OFFRE | type SERVICES | CPV archi 71250000 | + fort: assistance a maitrise d ouvrage | + fort:  amo  | + moyen: etude,26-18826,,,,,,
KEEP_HIGH,CORE,URBANISM_LANDSCAPE,27.0,Moe de conception de l'aménagement écologique et paysager à base de sédiments traités à Mondeville,Syndicat Mixte Ports de Normandie,2026-03-10,2026-03-30T12:00:00+00:00,APPEL_OFFRE,SERVICES,Espaces verts,71420000,14,https://www.boamp.fr/pages/avis/?q=idweb:26-24355,nature APPEL_OFFRE | type SERVICES | CPV archi 71420000 | + fort: maitrise d oeuvre | + moyen: amenagement | + moyen: etude | + moyen: paysage,26-24355,,,,,,
KEEP_HIGH,SECONDARY,SURVEY_TOPO,27.0,maitrise d'oeuvre,EFS BRET,2026-03-05,2026-04-13T17:00:00+00:00,APPEL_OFFRE,SERVICES,Etude | Ingénierie | Maîtrise d'oeuvre,71250000,35 | 29 | 56 | 22,https://www.boamp.fr/pages/avis/?q=idweb:26-22371,nature APPEL_OFFRE | type SERVICES | CPV archi 71250000 | + fort: maitrise d oeuvre | + moyen: rehabilitation | + moyen: etude | + moyen: ingenierie,26-22371,,,,,,
KEEP_HIGH,CORE,ARCHITECTURE_BUILDING,27.0,OP304 - Concession d'aménagement de la ZAC de la Métairie Neuve à Carhaix - mission de MOE,SemBreizh,2026-03-04,2026-03-16T15:00:00+00:00,APPEL_OFFRE,SERVICES,Maîtrise d'oeuvre,71000000,29,https://www.boamp.fr/pages/avis/?q=idweb:26-21826,nature APPEL_OFFRE | type SERVICES | CPV fort 71000000 | + fort: maitrise d oeuvre | + moyen: amenagement | + moyen: zac,26-21826,,,,,,
KEEP_HIGH,CORE,ARCHITECTURE_BUILDING,26.0,"0168 - TERRENOIRE
Mission de maîtrise d'oeuvre 
Construction neuve de 45 logements",TOIT FOREZIEN,2026-03-10,2026-04-10T16:00:00+00:00,APPEL_OFFRE,SERVICES,Maîtrise d'oeuvre,71240000,42,https://www.boamp.fr/pages/avis/?q=idweb:26-24061,nature APPEL_OFFRE | type SERVICES | CPV archi 71240000 | + fort: maitrise d oeuvre | + fort: mission de maitrise d oeuvre,26-24061,,,,,,
KEEP_HIGH,CORE,ARCHITECTURE_BUILDING,26.0,Mission de maîtrise d'oeuvre pour la construction de la caserne Saint-Ours-Les-Roches / Pontgibaud,Sdis 63,2026-03-09,2026-04-02T12:00:00+00:00,APPEL_OFFRE,SERVICES,Maîtrise d'oeuvre,71221000,63,https://www.boamp.fr/pages/avis/?q=idweb:26-24110,nature APPEL_OFFRE | type SERVICES | CPV archi 71221000 | + fort: maitrise d oeuvre | + fort: mission de maitrise d oeuvre,26-24110,,,,,,
KEEP_HIGH,CORE,ARCHITECTURE_BUILDING,26.0,Mission de maitrise d'oeuvre: rénovation patrimoniale et amélioration des performances énergétiques du bâtiment D1au lycée Professionnel de La Forêt à Chantilly,Région Hauts-de-France,2026-03-05,2026-04-08T10:00:00+00:00,APPEL_OFFRE,SERVICES,Maîtrise d'oeuvre,71200000,59,https://www.boamp.fr/pages/avis/?q=idweb:26-21893,nature APPEL_OFFRE | type SERVICES | CPV archi 71200000 | + fort: maitrise d oeuvre | + fort: mission de maitrise d oeuvre,26-21893,,,,,,
KEEP_HIGH,CORE,ARCHITECTURE_BUILDING,26.0,Mission de maîtrise d'uvre pour la construction d'un restaurant scolaire en structure modulaire,Ville de Gretz - Armainvilliers,2026-03-03,2026-04-17T12:00:00+00:00,APPEL_OFFRE,SERVICES,Maîtrise d'oeuvre,71240000,77,https://www.boamp.fr/pages/avis/?q=idweb:26-21922,nature APPEL_OFFRE | type SERVICES | CPV archi 71240000 | + fort: maitrise d oeuvre | + fort: mission de maitrise d oeuvre,26-21922,,,,,,
KEEP_HIGH,CORE,ARCHITECTURE_BUILDING,26.0,Muséum régénératif vivant - Mission de Maitrise d'OEuvre (MOE) pour la rénovation partielle du Muséum dans une logique de symbiocène,Ville Bourges,2026-02-27,2026-04-03T10:00:00+00:00,APPEL_OFFRE,SERVICES,Maîtrise d'oeuvre,71221000,18,https://www.boamp.fr/pages/avis/?q=idweb:26-19736,nature APPEL_OFFRE | type SERVICES | CPV archi 71221000 | + fort: maitrise d oeuvre | + fort: mission de maitrise d oeuvre,26-19736,,,,,,
KEEP_HIGH,CORE,ARCHITECTURE_BUILDING,25.0,"MISSION D'ASSISTANCE A MAITRISE D'OUVRAGE 
POUR LE PROJET DE REDÉVELOPPEMENT BÂTIMENTAIRE DU SITE DE L'INSTITUT IMAGINE",Institut des maladies génétiques Imagine,2026-03-10,2026-04-27T10:00:00+00:00,APPEL_OFFRE,SERVICES,Etude | Prestations de services,71241000,75,https://www.boamp.fr/pages/avis/?q=idweb:26-24465,nature APPEL_OFFRE | type SERVICES | CPV archi 71241000 | + fort: assistance a maitrise d ouvrage | + moyen: etude | + moyen: batimentaire,26-24465,,,,,,
KEEP_HIGH,CORE,ARCHITECTURE_BUILDING,25.0,MISSION MAITRISE D'OEUVRE POUR LA RENOVATION THERMIQUE DE LA COPROPRIETE ROSES BLEUETS,REGIE REGIONALE DU SPEE,2026-03-09,2026-04-06T12:00:00+00:00,APPEL_OFFRE,SERVICES,Ingénierie | Maîtrise d'oeuvre,71000000,2 | 59 | 60 | 62 | 75 | 76 | 77 | 80 | 95,https://www.boamp.fr/pages/avis/?q=idweb:26-24250,nature APPEL_OFFRE | type SERVICES | CPV fort 71000000 | + fort: maitrise d oeuvre | + moyen: ingenierie,26-24250,,,,,,
KEEP_HIGH,CORE,URBANISM_LANDSCAPE,25.0,Accord-cadre de maîtrise d'oeuvre - Missions de base et missions complémentaires pour des opérations d'aménagement de voirie communale,Ville de Mèze,2026-03-09,2026-04-10T18:00:00+00:00,APPEL_OFFRE,SERVICES,Maîtrise d'oeuvre,71420000,34,https://www.boamp.fr/pages/avis/?q=idweb:26-24130,nature APPEL_OFFRE | type SERVICES | CPV archi 71420000 | + fort: maitrise d oeuvre | + moyen: amenagement | + moyen: espace public,26-24130,,,,,,
KEEP_HIGH,CORE,ARCHITECTURE_BUILDING,25.0,Mission de maîtrise d’œuvre pour la réhabilitation du Petit Théâtre et de la longère,MAIRIE DE PONT-AUDEMER,2026-03-04,2026-04-27T08:00:00+00:00,APPEL_OFFRE,SERVICES,Maîtrise d'oeuvre,71000000,27,https://www.boamp.fr/pages/avis/?q=idweb:26-21437,nature APPEL_OFFRE | type SERVICES | CPV fort 71000000 | + fort: maitrise d oeuvre | + moyen: rehabilitation,26-21437,,,,,,
KEEP_HIGH,CORE,ARCHITECTURE_BUILDING,25.0,Maitrise d'oeuvre pour la réhabilitation de 182 logements locatifs sociaux collectifs - Résidence Beaussier à ANGERS (49),PODELIHA,2026-03-04,2026-04-07T10:00:00+00:00,APPEL_OFFRE,SERVICES,Maîtrise d'oeuvre,71000000,49,https://www.boamp.fr/pages/avis/?q=idweb:26-21782,nature APPEL_OFFRE | type SERVICES | CPV fort 71000000 | + fort: maitrise d oeuvre | + moyen: rehabilitation,26-21782,,,,,,
KEEP_HIGH,CORE,URBANISM_LANDSCAPE,25.0,Missions de maîtrise d'oeuvre pour le réaménagement de la rue de la République et de ses rues annexes à Bourgoin-Jallieu,Ville de Bourgoin-Jallieu,2026-02-26,2026-03-19T12:00:00+00:00,APPEL_OFFRE,SERVICES,Maîtrise d'oeuvre,71311300,38,https://www.boamp.fr/pages/avis/?q=idweb:26-19902,nature APPEL_OFFRE | type SERVICES | CPV secondaire 71311300 | + fort: maitrise d oeuvre | + fort: mission de maitrise d oeuvre | + moyen: amenagement | + moyen: paysagiste,26-19902,,,,,,
KEEP_HIGH,CORE,ARCHITECTURE_BUILDING,25.0,"Maîtrise d'œuvre pour des travaux de restauration, aménagement et mise en conformité du Domaine de Chantilly",Domaine de Chantilly - Fondation d'Aumale,2026-02-25,2026-04-10T12:00:00+00:00,APPEL_OFFRE,SERVICES,Monuments historiques | Maîtrise d'oeuvre,71000000,60 | 75,https://www.boamp.fr/pages/avis/?q=idweb:26-18827,nature APPEL_OFFRE | type SERVICES | CPV fort 71000000 | + fort: maitrise d oeuvre | + moyen: amenagement,26-18827,,,,,,
KEEP_HIGH,SECONDARY,ENGINEERING,25.0,VILLE DE DIJON - Mission de maitrise d'oeuvre en vue de la réhabilitation de l'église Saint Philibert,Ville de Dijon,2026-02-25,2026-03-26T11:00:00+00:00,APPEL_OFFRE,SERVICES,Maîtrise d'oeuvre,71500000,21,https://www.boamp.fr/pages/avis/?q=idweb:26-18871,nature APPEL_OFFRE | type SERVICES | CPV secondaire 71500000 | + fort: maitrise d oeuvre | + fort: mission de maitrise d oeuvre | + moyen: rehabilitation | + moyen: etude,26-18871,,,,,,
KEEP_HIGH,CORE,ARCHITECTURE_BUILDING,24.0,"Prestations de programmation et d'organisation générale - Prestations d'ordonnancement, de pilotage et de coordination relatives à des projets d'espace public",Orléans Métropole,2026-03-01,2026-04-07T10:00:00+00:00,APPEL_OFFRE,SERVICES,"Mission d'ordonnancement, pilotage, coordination (OPC)",71240000 | 71311300 | 71521000 | 79311000,45,https://www.boamp.fr/pages/avis/?q=idweb:26-20624,nature APPEL_OFFRE | type SERVICES | CPV archi 71240000 | CPV secondaire 71311300 | CPV secondaire 71521000 | + fort: maitrise d oeuvre | + moyen: espace public | + moyen: mobilite | - fort: dechets,26-20624,,,,,,
KEEP_HIGH,CORE,ARCHITECTURE_BUILDING,24.0,"Marché de MAITRISE D'OEUVRE pour la mise à niveau de l'AVP, missions PRO et suivantes - PAPI Sanne-Dolon","Pouvoir adjuddicateur  : SYNDICAT ISEROIS DES RIVIERES RHONE AVAL – SIRRA / 
Adresse : 366 Rue Stéphane Hessel, 38440 Saint-Jean-de-Bournay

/ Mandataire agissant au nom et pour le compte du pouvoir adjudicateur : SPL d’Aménagement au capital de 1 180 000 € - RCS GRENOBLE 524 119 641",2026-02-28,,APPEL_OFFRE,SERVICES,Maîtrise d'oeuvre,71000000,38,https://www.boamp.fr/pages/avis/?q=idweb:26-20229,nature APPEL_OFFRE | type SERVICES | CPV fort 71000000 | + fort: maitrise d oeuvre | + moyen: amenagement | + moyen: etude | - moyen: animation,26-20229,,,,,,
KEEP_HIGH,CORE,ARCHITECTURE_BUILDING,23.0,Mission de maîtrise d’œuvre partielle pour des travaux de réhabilitation du réseau d'eau potable de la CASUD,Communauté d'Agglomération du Sud,2026-03-10,2026-04-13T12:00:00+00:00,APPEL_OFFRE,SERVICES,Maîtrise d'oeuvre,71240000,974,https://www.boamp.fr/pages/avis/?q=idweb:26-24525,nature APPEL_OFFRE | type SERVICES | CPV archi 71240000 | + fort: maitrise d oeuvre | + moyen: rehabilitation,26-24525,,,,,,
KEEP_HIGH,CORE,ARCHITECTURE_BUILDING,23.0,Marché de maitrise d'oeuvre relatif aux travaux de réfection de l'internat du collège Miriam Makeba,Conseil Départemental du Nord,2026-03-09,2026-03-30T16:30:00+00:00,APPEL_OFFRE,SERVICES,Maîtrise d'oeuvre,71200000,59,https://www.boamp.fr/pages/avis/?q=idweb:26-23968,nature APPEL_OFFRE | type SERVICES | CPV archi 71200000 | + fort: maitrise d oeuvre | + moyen: etude,26-23968,,,,,,
KEEP_HIGH,CORE,URBANISM_LANDSCAPE,23.0,Révision du Plan Local d'Urbanisme de la ville d'Arles et ses documents annexes,Ville d'Arles,2026-03-08,2026-04-13T10:00:00+00:00,APPEL_OFFRE,SERVICES,Etude,71410000,13,https://www.boamp.fr/pages/avis/?q=idweb:26-23688,nature APPEL_OFFRE | type SERVICES | CPV archi 71410000 | + fort: urbanisme | + moyen: etude,26-23688,,,,,,
KEEP_HIGH,SECONDARY,SURVEY_TOPO,23.0,"Mission de maîtrise d'œuvre 
Pour la réhabilitation thermique de la résidence Pasteur B (tranche ferme) et Pasteur A (tranche conditionnelle) à Saint-Dizier",OFFICE PUBLIC DE L'HABITAT DE SAINT DIZIER,2026-03-08,2026-04-13T09:00:00+00:00,APPEL_OFFRE,SERVICES,Maîtrise d'oeuvre,71250000,52 | 51 | 55,https://www.boamp.fr/pages/avis/?q=idweb:26-23393,nature APPEL_OFFRE | type SERVICES | CPV archi 71250000 | + fort: maitrise d oeuvre | + moyen: rehabilitation,26-23393,,,,,,
KEEP_HIGH,CORE,ARCHITECTURE_BUILDING,23.0,26S0041-Maitrise d'oeuvre pour la construction de 47 logements - Bâtiment E - Tohannic à VANNES,Morbihan Habitat (56),2026-03-05,2026-04-08T11:00:00+00:00,APPEL_OFFRE,SERVICES,Maîtrise d'oeuvre,71000000,56,https://www.boamp.fr/pages/avis/?q=idweb:26-22408,nature APPEL_OFFRE | type SERVICES | CPV fort 71000000 | + fort: maitrise d oeuvre,26-22408,,,,,,
KEEP_HIGH,CORE,URBANISM_LANDSCAPE,23.0,Maîtrise d'oeuvre urbaine pour l'aménagement d'espaces publics pour le quartier de l'Ile de Thau dans le cadre du NPNRU,Ville de Sète,2026-03-04,2026-04-14T10:00:00+00:00,APPEL_OFFRE,SERVICES,Maîtrise d'oeuvre,71400000,34,https://www.boamp.fr/pages/avis/?q=idweb:26-21776,nature APPEL_OFFRE | type SERVICES | CPV archi 71400000 | + fort: maitrise d oeuvre | + moyen: amenagement,26-21776,,,,,,
KEEP_HIGH,CORE,ARCHITECTURE_BUILDING,23.0,Marché de maîtrise d'œuvre pour la réhabilitation du bâtiment 5 du Parc Technologique Universitaire,Université de La Réunion,2026-03-04,2026-04-03T10:00:00+00:00,APPEL_OFFRE,SERVICES,Maîtrise d'oeuvre,71221000,974,https://www.boamp.fr/pages/avis/?q=idweb:26-21824,nature APPEL_OFFRE | type SERVICES | CPV archi 71221000 | + fort: maitrise d oeuvre | + moyen: rehabilitation,26-21824,,,,,,
KEEP_HIGH,CORE,ARCHITECTURE_BUILDING,23.0,Prestation de Maitrise d'oeuvre pour la transformation de l'ancien presbytère en espace multi-activités,MAIRIE DE LEVIGNAC DE GUYENNE,2026-03-03,2026-03-27T12:00:00+00:00,APPEL_OFFRE,SERVICES,Maîtrise d'oeuvre,71000000,47,https://www.boamp.fr/pages/avis/?q=idweb:26-21667,nature APPEL_OFFRE | type SERVICES | CPV fort 71000000 | + fort: maitrise d oeuvre,26-21667,,,,,,
KEEP_HIGH,SECONDARY,OTHER_RELEVANT,23.0,Mission de maîtrise d'œuvre restructuration du groupe scolaire Fernand Maître à SERGINES (89140),SIVOS DU FOND DE ROUSSE,2026-03-03,2026-04-20T12:00:00+00:00,APPEL_OFFRE,SERVICES,Amiante (désamiantage) | Gros oeuvre,71230000,89,https://www.boamp.fr/pages/avis/?q=idweb:26-22003,nature APPEL_OFFRE | type SERVICES | CPV archi 71230000 | + fort: maitrise d oeuvre | + moyen: rehabilitation,26-22003,,,,,,
KEEP_HIGH,CORE,ARCHITECTURE_BUILDING,23.0,Marché de maîtrise d'oeuvre pour la construction d'un restaurant scolaire,Commune de Châlo Saint Mars,2026-03-03,2026-04-03T12:00:00+00:00,APPEL_OFFRE,SERVICES,Maîtrise d'oeuvre | Bâtiment | Restauration collective,71000000,91,https://www.boamp.fr/pages/avis/?q=idweb:26-22009,nature APPEL_OFFRE | type SERVICES | CPV fort 71000000 | + fort: maitrise d oeuvre,26-22009,,,,,,
KEEP_HIGH,SECONDARY,ENGINEERING,23.0,26.070 Mission de maîtrise d'oeuvre relative à deux projets d'aménagement sur Genas,Communauté de Communes de l'Est Lyonnais,2026-03-01,2026-04-02T10:00:00+00:00,APPEL_OFFRE,SERVICES,Maîtrise d'oeuvre,71311000,69,https://www.boamp.fr/pages/avis/?q=idweb:26-20407,nature APPEL_OFFRE | type SERVICES | CPV secondaire 71311000 | + fort: maitrise d oeuvre | + fort: mission de maitrise d oeuvre | + moyen: amenagement,26-20407,,,,,,
KEEP_HIGH,CORE,ARCHITECTURE_BUILDING,23.0,Marché de maîtrise d'oeuvre pour la création d'un escalier de secours extérieur dans l'immeuble de la direction départementale des finances publiques du Cantal à Aurillac.,ETAT-DGFIP,2026-02-27,2026-03-24T14:00:00+00:00,APPEL_OFFRE,SERVICES,Maîtrise d'oeuvre,71000000,15,https://www.boamp.fr/pages/avis/?q=idweb:26-20532,nature APPEL_OFFRE | type SERVICES | CPV fort 71000000 | + fort: maitrise d oeuvre,26-20532,,,,,,
KEEP_HIGH,SECONDARY,OTHER_RELEVANT,23.0,Marché de maitrise d'oeuvre pour la réhabilitation de la résidence universitaire de l'Hermitage du Crous de Créteil à Saint-Denis,CROUS de Créteil,2026-02-26,,APPEL_OFFRE,SERVICES,Maîtrise d'oeuvre,71210000,93 | 94 | 77 | 75,https://www.boamp.fr/pages/avis/?q=idweb:26-19711,nature APPEL_OFFRE | type SERVICES | CPV archi 71210000 | + fort: maitrise d oeuvre | + moyen: rehabilitation,26-19711,,,,,,
KEEP_HIGH,CORE,ARCHITECTURE_BUILDING,23.0,Mission de maitrise d’œuvre relative à la réhabilitation des tribunes du Parc Municipal des Sports de Vincennes,Mairie de Vincennes,2026-02-25,2026-03-31T10:00:00+00:00,APPEL_OFFRE,SERVICES,Ingénierie,71222000 | 71300000,94,https://www.boamp.fr/pages/avis/?q=idweb:26-18985,nature APPEL_OFFRE | type SERVICES | CPV archi 71222000 | CPV secondaire 71300000 | + moyen: rehabilitation | + moyen: ingenierie,26-18985,,,,,,
KEEP_HIGH,CORE,ARCHITECTURE_BUILDING,23.0,Maîtrise d'oeuvre pour la rénovation énergétique du gymnase du Canal,MAIRIE D'ILLZACH,2026-02-25,2026-03-23T12:00:00+00:00,APPEL_OFFRE,SERVICES,Maîtrise d'oeuvre,71221000,68,https://www.boamp.fr/pages/avis/?q=idweb:26-19501,nature APPEL_OFFRE | type SERVICES | CPV archi 71221000 | + fort: maitrise d oeuvre | + moyen: zac,26-19501,,,,,,
KEEP_HIGH,CORE,AMO_PROGRAMMING,22.0,"ASSISTANCE À MAÎTRISE D'OUVRAGE
RELATIVE AUX PROJETS DE RÉNOVATION THERMIQUE
ET DE RESTRUCTURATION INTÉRIEURE
DU BÂTIMENT A DU SIÈGE",CARSAT NORD EST,2026-03-10,2026-03-19T10:00:00+00:00,APPEL_OFFRE,SERVICES,Bâtiment,71336000,54,https://www.boamp.fr/pages/avis/?q=idweb:26-23896,nature APPEL_OFFRE | type SERVICES | CPV secondaire 71336000 | + fort: assistance a maitrise d ouvrage | + fort:  amo  | + moyen: etude | + moyen: interieur | - moyen: accompagnement,26-23896,,,,,,
KEEP_HIGH,CORE,ARCHITECTURE_BUILDING,22.0,"Marché de Maîtrise d’œuvre Bâtiment et VRD pour la construction de 113 LLS/LLTS/LLI "" Calathéa "" – ZAC Concorde à Matoury.",2TER HABITAT (ex SIGUY-SIMKO),2026-03-01,2026-03-30T15:00:00+00:00,APPEL_OFFRE,SERVICES,Prestations de services,71000000,973,https://www.boamp.fr/pages/avis/?q=idweb:26-20735,nature APPEL_OFFRE | type SERVICES | CPV fort 71000000 | + moyen: amenagement | + moyen: zac,26-20735,,,,,,
KEEP_HIGH,CORE,ARCHITECTURE_BUILDING,21.0,Marché de maitrise d'oeuvre pour l'opération de construction d'un collège sur la commune de Les Rousses,"D2P CONSEIL, au nom et pour le compte du CONSEIL DEPARTEMENTAL DU JURA",2026-03-07,,APPEL_OFFRE,SERVICES,Bâtiment | Restauration collective,71240000,69 | 39 | 71 | 21 | 1 | 25 | 70,https://www.boamp.fr/pages/avis/?q=idweb:26-23177,nature APPEL_OFFRE | type SERVICES | CPV archi 71240000 | + fort: maitrise d oeuvre,26-23177,,,,,,
KEEP_HIGH,CORE,ARCHITECTURE_BUILDING,21.0,Renovation Du Groupe Scolaire Flora Tristan  - Maitrise D'Oeuvre,Commune de Mulsanne,2026-03-03,2026-04-10T12:00:00+00:00,APPEL_OFFRE,SERVICES,Maîtrise d'oeuvre,71220000,72,https://www.boamp.fr/pages/avis/?q=idweb:26-22075,nature APPEL_OFFRE | type SERVICES | CPV archi 71220000 | + fort: maitrise d oeuvre,26-22075,,,,,,
KEEP_HIGH,CORE,ARCHITECTURE_BUILDING,21.0,Maîtrise d'oeuvre pour la rénovation énergétique de l'école Joseph Lhermitte,Commune de Villeneuve lez Avignon,2026-02-27,2026-03-26T12:00:00+00:00,APPEL_OFFRE,SERVICES,Maîtrise d'oeuvre,71221000,30 | 84,https://www.boamp.fr/pages/avis/?q=idweb:26-20552,nature APPEL_OFFRE | type SERVICES | CPV archi 71221000 | + fort: maitrise d oeuvre,26-20552,,,,,,
KEEP_HIGH,CORE,COMPETITIONS,21.0,CHERBOURG-EN-COTENTIN (50) - Port militaire de Cherbourg - Manœuvre Immobilière de libération de l'Ilot Sud - Assistance à l'analyse des offres dans le cadre d'un concours de maîtrise d'œuvre privée,SID NORD OUEST,2026-02-26,2026-04-01T16:00:00+00:00,APPEL_OFFRE,SERVICES,Assistance à maîtrise d'ouvrage,71241000,50,https://www.boamp.fr/pages/avis/?q=idweb:26-19495,nature APPEL_OFFRE | type SERVICES | CPV archi 71241000 | + fort: assistance a maitrise d ouvrage,26-19495,,,,,,
KEEP_HIGH,SECONDARY,ENGINEERING,21.0,Mission de maîtrise d’œuvre pour la réalisation de 30 logements locatifs sociaux de type T3 à T5 en R+1 au secteur ADIMO sur le territoire de la commune de SAINT-GEORGE de l' OYAPOCK,SEMSAMAR (973),2026-02-25,2026-04-06T15:00:00+00:00,APPEL_OFFRE,SERVICES,Maîtrise d'oeuvre,71310000,973,https://www.boamp.fr/pages/avis/?q=idweb:26-19143,nature APPEL_OFFRE | type SERVICES | CPV secondaire 71310000 | + fort: maitrise d oeuvre | + fort: mission de maitrise d oeuvre,26-19143,,,,,,
KEEP_HIGH,CORE,AMO_PROGRAMMING,20.0,Accord-cadre à bons de commande relatif aux missions d’assistance et d’accompagnement à la maîtrise d’ouvrage pour l’intégration de la gestion durable des eaux pluviales dans les projets d’aménagement,Métropole européenne de Lille,2026-03-07,2026-04-16T11:00:00+00:00,APPEL_OFFRE,SERVICES,Etude,71241000 | 71335000 | 79311000,59,https://www.boamp.fr/pages/avis/?q=idweb:26-23005,nature APPEL_OFFRE | type SERVICES | CPV archi 71241000 | CPV secondaire 71335000 | + moyen: amenagement | + moyen: etude | - moyen: accompagnement,26-23005,,,,,,
KEEP_HIGH,CORE,ARCHITECTURE_BUILDING,20.0,Consultation pour une assistance juridique et technique pour la construction des bâtiments de la Maison de santé pluriprofessionnelle Pointe de Saire et du Pôle de santé libéral am,Communauté d'agglomération du Cotentin,2026-03-06,2026-04-07T12:00:00+00:00,APPEL_OFFRE,SERVICES,Assistance juridique | Assistance technique,71242000 | 71315200 | 79100000,50,https://www.boamp.fr/pages/avis/?q=idweb:26-23485,nature APPEL_OFFRE | type SERVICES | CPV archi 71242000 | CPV secondaire 71315200 | + moyen: etude | + moyen: batimentaire | - moyen: accompagnement,26-23485,,,,,,
KEEP_HIGH,CORE,COMPETITIONS,20.0,2026-06PI - Concours restreint de maîtrise d’œuvre  pour la construction du bâtiment CEDRA sur le site de Jacob-Bellecombette (73),USMB Université Savoie Mont Blanc,2026-03-06,,APPEL_OFFRE,SERVICES,Ingénierie,71000000,73 | 74,https://www.boamp.fr/pages/avis/?q=idweb:26-22468,nature APPEL_OFFRE | type SERVICES | CPV fort 71000000 | + moyen: ingenierie,26-22468,,,,,,
KEEP_HIGH,CORE,ARCHITECTURE_BUILDING,20.0,Marché de maîtrise d'œuvre pour la poursuite de l'aménagement de la ZAC des Clos,Ville de Chartres (28),2026-03-06,,APPEL_OFFRE,SERVICES,Prestations de services | Maîtrise d'oeuvre,71000000,28,https://www.boamp.fr/pages/avis/?q=idweb:26-22709,nature APPEL_OFFRE | type SERVICES | CPV fort 71000000 | + fort: maitrise d oeuvre | + moyen: amenagement | + moyen: zac | - fort: informatique,26-22709,,,,,,
KEEP_HIGH,CORE,URBANISM_LANDSCAPE,20.0,MARCHÉ PUBLIC D'ASSISTANCE À MAÎTRISE D'OUVRAGE PROJET TRANSITION ARCHITECTURE ET PAYSAGE (TAP),ENSA de Normandie,2026-03-06,2026-04-21T11:00:00+00:00,APPEL_OFFRE,SERVICES,Assistance à maîtrise d'ouvrage,73000000,76,https://www.boamp.fr/pages/avis/?q=idweb:26-22874,nature APPEL_OFFRE | type SERVICES | + fort: architecture | + fort: assistance a maitrise d ouvrage | + moyen: paysage,26-22874,,,,,,
KEEP_HIGH,CORE,ARCHITECTURE_BUILDING,20.0,Mission d’accompagnement AMO réemploi pour le projet de réhabilitation du COSEC de l’UFR STAPS sur le campus Remicourt à Villers-Lès-Nancy (54),Université de Lorraine,2026-03-03,2026-03-27T12:30:00+00:00,APPEL_OFFRE,SERVICES,Prestations de services,71241000,54 | 55 | 57 | 88,https://www.boamp.fr/pages/avis/?q=idweb:26-21523,nature APPEL_OFFRE | type SERVICES | CPV archi 71241000 | + fort:  amo  | + moyen: rehabilitation | - moyen: accompagnement,26-21523,,,,,,
KEEP_HIGH,SECONDARY,ENGINEERING,20.0,Mission de maitrise d’œuvre pour le réaménagement des bureaux du Sipperec,Mariam DEMBELE,2026-03-03,2026-03-26T12:00:00+00:00,APPEL_OFFRE,SERVICES,Etude,71240000,75,https://www.boamp.fr/pages/avis/?q=idweb:26-21715,nature APPEL_OFFRE | type SERVICES | CPV archi 71240000 | + moyen: amenagement | + moyen: etude,26-21715,,,,,,
KEEP_HIGH,SECONDARY,ENGINEERING,20.0,MISSION DE MAITRISE D'OEUVRE POUR LA REALISATION DE TRAVAUX DE MISE EN SECURITE & DE REMISE EN ETAT DU SENTIER DU LEZARD AINSI QUE D'UNE PARTIE DE LA FALAISE SUR LE SECTEUR DU QUAI VAYSSIERE -  RELANCE,Mairie de Carry-le-Rouet,2026-02-26,2026-03-18T12:00:00+00:00,APPEL_OFFRE,SERVICES,Prestations de services | Ingénierie,,13,https://www.boamp.fr/pages/avis/?q=idweb:26-20367,nature APPEL_OFFRE | type SERVICES | + fort: maitrise d oeuvre | + fort: mission de maitrise d oeuvre | + moyen: ingenierie,26-20367,,,,,,
KEEP_HIGH,CORE,AMO_PROGRAMMING,20.0,Réalisation de la stratégie de développement et d’aménagement économiques,LIMOGES METROPOLE - Communauté urbaine,2026-02-26,2026-04-30T12:00:00+00:00,APPEL_OFFRE,SERVICES,Etude,71241000,87,https://www.boamp.fr/pages/avis/?q=idweb:26-20150,nature APPEL_OFFRE | type SERVICES | CPV archi 71241000 | + moyen: amenagement | + moyen: etude,26-20150,,,,,,
KEEP_HIGH,CORE,ARCHITECTURE_BUILDING,20.0,"Marché de Maîtrise d’œuvre Bâtiment et VRD pour la construction de 32 LLS/LLTS "" Génipa "" - Rue Grage - Cité Mirza à Cayenne.",2TER HABITAT (ex SIGUY-SIMKO),2026-02-26,2026-03-25T15:00:00+00:00,APPEL_OFFRE,SERVICES,Prestations de services,71000000,973,https://www.boamp.fr/pages/avis/?q=idweb:26-19433,nature APPEL_OFFRE | type SERVICES | CPV fort 71000000 | + moyen: amenagement,26-19433,,,,,,
KEEP_HIGH,CORE,AMO_PROGRAMMING,18.0,PROJET DE RÉHABILITATION DE L’ESPACE URBAIN AUTOUR DE LA PLACE DU DOCTEUR ROUX  -  MISSION DE PROGRAMMATION ET DE CONCERTATION,Mairie de Chatou,2026-03-10,2026-04-10T12:00:00+00:00,APPEL_OFFRE,SERVICES,Assistance à maîtrise d'ouvrage,71300000,78,https://www.boamp.fr/pages/avis/?q=idweb:26-24542,nature APPEL_OFFRE | type SERVICES | CPV secondaire 71300000 | + fort: assistance a maitrise d ouvrage | + moyen: rehabilitation,26-24542,,,,,,
KEEP_HIGH,SECONDARY,ENGINEERING,18.0,Maitrise d'oeuvre pour les programmes de travaux et les accords cadre à bons de commande - Années 2027 à 2029 - Territoire d'Arc Sud Bretagne - Eau Potable et Assainissement Collect,Eau du Morbihan,2026-03-10,2026-04-24T12:00:00+00:00,APPEL_OFFRE,SERVICES,Alimentation en eau potable | Assainissement | Canalisations | Ingénierie,71300000,56,https://www.boamp.fr/pages/avis/?q=idweb:26-24415,nature APPEL_OFFRE | type SERVICES | CPV secondaire 71300000 | + fort: maitrise d oeuvre | + moyen: ingenierie,26-24415,,,,,,
KEEP_HIGH,SECONDARY,ENGINEERING,18.0,Maitrise d'oeuvre pour les programmes de travaux annuels et l'accord cadre à bons de commande - Années 2027 à 2029 - Territoire de l'Oust à Brocéliande Communauté,Eau du Morbihan,2026-03-10,2026-04-24T12:00:00+00:00,APPEL_OFFRE,SERVICES,Alimentation en eau potable | Canalisations | Ingénierie,71300000,56,https://www.boamp.fr/pages/avis/?q=idweb:26-24416,nature APPEL_OFFRE | type SERVICES | CPV secondaire 71300000 | + fort: maitrise d oeuvre | + moyen: ingenierie,26-24416,,,,,,
KEEP_HIGH,SECONDARY,ENGINEERING,18.0,Maitrise d'oeuvre pour les programmes de travaux annuels et l'accord cadre à bons de commande - Années 2027 à 2029 - Territoire de Redon Agglomération et commune de Rochefort en Ter,Eau du Morbihan,2026-03-10,2026-04-24T12:00:00+00:00,APPEL_OFFRE,SERVICES,Alimentation en eau potable | Canalisations | Ingénierie,71300000,56,https://www.boamp.fr/pages/avis/?q=idweb:26-24414,nature APPEL_OFFRE | type SERVICES | CPV secondaire 71300000 | + fort: maitrise d oeuvre | + moyen: ingenierie,26-24414,,,,,,
KEEP_HIGH,SECONDARY,ENGINEERING,18.0,Maitrise d'oeuvre pour les programmes de travaux annuels et l'accord cadre à bons de commande - Années 2027 à 2029 - Territoire de Blavet Bellevue Océan Communauté,Eau du Morbihan,2026-03-09,2026-04-24T12:00:00+00:00,APPEL_OFFRE,SERVICES,Alimentation en eau potable | Canalisations | Ingénierie,71300000,56,https://www.boamp.fr/pages/avis/?q=idweb:26-23982,nature APPEL_OFFRE | type SERVICES | CPV secondaire 71300000 | + fort: maitrise d oeuvre | + moyen: ingenierie,26-23982,,,,,,
KEEP_HIGH,SECONDARY,ENGINEERING,18.0,Maitrise d'oeuvre pour les programmes de travaux annuels et l'accord cadre à bons de commande - Période 2027 à 2029 - Territoire de Baud Communauté,Eau du Morbihan,2026-03-09,2026-04-24T12:00:00+00:00,APPEL_OFFRE,SERVICES,Alimentation en eau potable | Canalisations | Ingénierie,71300000,56,https://www.boamp.fr/pages/avis/?q=idweb:26-24124,nature APPEL_OFFRE | type SERVICES | CPV secondaire 71300000 | + fort: maitrise d oeuvre | + moyen: ingenierie,26-24124,,,,,,
KEEP_HIGH,CORE,AMO_PROGRAMMING,18.0,Assistance à maitrise d'ouvrage relatives aux opérations d'aménagement du domaine public communal,Mairie du Castellet,2026-03-06,2026-04-07T12:00:00+00:00,APPEL_OFFRE,SERVICES,Assistance à maîtrise d'ouvrage,71311300,83,https://www.boamp.fr/pages/avis/?q=idweb:26-23705,nature APPEL_OFFRE | type SERVICES | CPV secondaire 71311300 | + fort: assistance a maitrise d ouvrage | + moyen: amenagement,26-23705,,,,,,
KEEP_HIGH,SECONDARY,OTHER_RELEVANT,18.0,MISSION DE MAITRISE D'OEUVRE POUR LE PROJET DE RESTAURATION HYDROMORPHOLOGIQUE DU RAVIN DE DROUILLE - AM8 SECTEUR DE LA REPASSE -,Durance Luberon Verdon Agglomération,2026-03-06,2026-04-16T12:00:00+00:00,APPEL_OFFRE,SERVICES,Maîtrise d'oeuvre,,4,https://www.boamp.fr/pages/avis/?q=idweb:26-23454,nature APPEL_OFFRE | type SERVICES | + fort: maitrise d oeuvre | + fort: mission de maitrise d oeuvre,26-23454,,,,,,
KEEP_HIGH,CORE,AMO_PROGRAMMING,18.0,AMO pour la construction d'une gendarmerie,COMMUNE DE SCIEZ,2026-03-06,2026-03-31T12:00:00+00:00,APPEL_OFFRE,SERVICES,Assistance à maîtrise d'ouvrage,,74,https://www.boamp.fr/pages/avis/?q=idweb:26-23437,nature APPEL_OFFRE | type SERVICES | + fort: assistance a maitrise d ouvrage | + fort:  amo ,26-23437,,,,,,
KEEP_HIGH,CORE,ARCHITECTURE_BUILDING,18.0,Maîtrise d'oeuvre pour la rénovation et extension du musée départemental de la résistance de Vassieux en Vercors,Département de la Drôme,2026-03-05,2026-04-07T09:00:00+00:00,APPEL_OFFRE,SERVICES,Maîtrise d'oeuvre,71240000 | 92521100,26,https://www.boamp.fr/pages/avis/?q=idweb:26-21957,nature APPEL_OFFRE | type SERVICES | CPV archi 71240000 | + fort: maitrise d oeuvre | - moyen: animation,26-21957,,,,,,
KEEP_HIGH,SECONDARY,ENGINEERING,18.0,Maîtrise d'oeuvre pour des travaux de réhabilitation des réservoirs du Sidep,Sidep Du Val St Cyr,2026-03-05,2026-04-21T12:00:00+00:00,APPEL_OFFRE,SERVICES,Maîtrise d'oeuvre | Réservoir,71300000,28 | 27,https://www.boamp.fr/pages/avis/?q=idweb:26-22976,nature APPEL_OFFRE | type SERVICES | CPV secondaire 71300000 | + fort: maitrise d oeuvre | + moyen: rehabilitation,26-22976,,,,,,
KEEP_HIGH,CORE,ARCHITECTURE_BUILDING,18.0,Aménagements du bâtiment KOADEG pour le compte de la CGSS Guyane,Caisse Générale de Sécurité Sociale de Guyane,2026-03-04,2026-04-06T18:30:00+00:00,APPEL_OFFRE,SERVICES,Bâtiment,71200000,973 | 972 | 971 | 75,https://www.boamp.fr/pages/avis/?q=idweb:26-21313,nature APPEL_OFFRE | type SERVICES | CPV archi 71200000 | + moyen: amenagement,26-21313,,,,,,
KEEP_HIGH,SECONDARY,OTHER_RELEVANT,18.0,Maîtrise d'œuvre désamiantage dans le cadre du projet de réouverture au public des salles permanentes du musée située au R+3 pavillon de tête de la Cité de l'Architecture et du Patrimoine,Cité de l'architecture et du patrimoine,2026-03-04,2026-04-03T11:00:00+00:00,APPEL_OFFRE,SERVICES,Amiante (désamiantage) | Maîtrise d'oeuvre,79933000,75 | 77 | 78 | 91 | 92 | 93 | 94 | 95,https://www.boamp.fr/pages/avis/?q=idweb:26-22517,nature APPEL_OFFRE | type SERVICES | + fort: maitrise d oeuvre | + fort: architecture,26-22517,,,,,,
KEEP_HIGH,SECONDARY,ENGINEERING,18.0,26008PAP - LE CREUSOT - Aménagement de l'esplanade Samuel Paty - Mission de maîtrise d'œuvre,Communauté Urbaine Le Creusot - Montceau,2026-03-04,2026-04-01T12:00:00+00:00,APPEL_OFFRE,SERVICES,Maîtrise d'oeuvre,71300000,71,https://www.boamp.fr/pages/avis/?q=idweb:26-22265,nature APPEL_OFFRE | type SERVICES | CPV secondaire 71300000 | + fort: maitrise d oeuvre | + moyen: amenagement,26-22265,,,,,,
KEEP_HIGH,CORE,ARCHITECTURE_BUILDING,18.0,260101006_Marché public de maîtrise d’œuvre et prestations associées pour la rénovation énergétique de l'école élémentaire de Guichen,SDE35,2026-03-04,2026-04-07T12:00:00+00:00,APPEL_OFFRE,SERVICES,Ingénierie,71240000,35,https://www.boamp.fr/pages/avis/?q=idweb:26-22307,nature APPEL_OFFRE | type SERVICES | CPV archi 71240000 | + moyen: ingenierie,26-22307,,,,,,
KEEP_HIGH,CORE,ARCHITECTURE_BUILDING,18.0,Programmiste pour la Construction nouveau siège du CCAS,Ville de MTsangamouji (976),2026-03-04,2026-04-04T12:00:00+00:00,APPEL_OFFRE,SERVICES,Bâtiment | Etude,71241000,976,https://www.boamp.fr/pages/avis/?q=idweb:26-22121,nature APPEL_OFFRE | type SERVICES | CPV archi 71241000 | + moyen: etude,26-22121,,,,,,
KEEP_HIGH,CORE,ARCHITECTURE_BUILDING,18.0,Réhabilitation du bâtiment de l'Office du Tourisme d'Arêches,Commune de Beaufort,2026-03-04,2026-04-20T17:00:00+00:00,APPEL_OFFRE,SERVICES,Bâtiment,71200000,73,https://www.boamp.fr/pages/avis/?q=idweb:26-22540,nature APPEL_OFFRE | type SERVICES | CPV archi 71200000 | + moyen: rehabilitation,26-22540,,,,,,
KEEP_HIGH,SECONDARY,OTHER_RELEVANT,18.0,Mission de maîtrise d'oeuvre _ Rénovation énergétique de l'école Fleury,Mairie de Lodève,2026-03-04,2026-04-03T17:00:00+00:00,APPEL_OFFRE,SERVICES,Maîtrise d'oeuvre,,34,https://www.boamp.fr/pages/avis/?q=idweb:26-22433,nature APPEL_OFFRE | type SERVICES | + fort: maitrise d oeuvre | + fort: mission de maitrise d oeuvre,26-22433,,,,,,
KEEP_HIGH,SECONDARY,OTHER_RELEVANT,18.0,MAPA 25.747.37 MISSION DE MAITRISE D'OEUVRE RELATIVE A L'OPERATION DE RECONSTRUCTION APRES SINISTRE D’ESPACES DU SITE DU PATIO DE LA CAISSE PRIMAIRE CENTRALE D’ASSURANCE MALADIE DES BOUCHES-DU-RHONE,Caisse Primaire Centrale d'Assurance Maladie des Bouches du Rhône,2026-03-03,2026-03-31T16:00:00+00:00,APPEL_OFFRE,SERVICES,Maîtrise d'oeuvre,,13,https://www.boamp.fr/pages/avis/?q=idweb:26-21814,nature APPEL_OFFRE | type SERVICES | + fort: maitrise d oeuvre | + fort: mission de maitrise d oeuvre,26-21814,,,,,,
KEEP_HIGH,CORE,AMO_PROGRAMMING,18.0,Réalisation des études préliminaires et avant-projet sommaire à la construction de deux usines d'eau potable alimentées par des captages en ressources superficielles,SYNDICAT EAU47,2026-02-28,2026-03-31T10:00:00+00:00,APPEL_OFFRE,SERVICES,Alimentation en eau potable,71241000,47,https://www.boamp.fr/pages/avis/?q=idweb:26-20189,nature APPEL_OFFRE | type SERVICES | CPV archi 71241000 | + moyen: etude,26-20189,,,,,,
KEEP_HIGH,CORE,ARCHITECTURE_BUILDING,18.0,"Réhabilitation d'une résidence sociale et restructuration en résidence et logements diffus, située aux 54, 56, 58 rue Johannes Brahms, 26000 Valence",SOLIHA Drôme,2026-02-28,2026-03-30T10:00:00+00:00,APPEL_OFFRE,SERVICES,Bâtiment,71240000,26 | 7 | 38,https://www.boamp.fr/pages/avis/?q=idweb:26-20255,nature APPEL_OFFRE | type SERVICES | CPV archi 71240000 | + moyen: rehabilitation,26-20255,,,,,,
KEEP_HIGH,CORE,COMPETITIONS,18.0,CONCOURS DE MAITRISE D'OEUVRE SUR ESQUISSE - Restructuration des services territoriaux 3 et 9 à Villenave-d'Ornon,Bordeaux Métropole,2026-02-26,2026-03-05T15:00:00+00:00,APPEL_OFFRE,SERVICES,Bâtiment | Maîtrise d'oeuvre,71200000,33,https://www.boamp.fr/pages/avis/?q=idweb:26-19691,nature APPEL_OFFRE | type SERVICES | CPV archi 71200000 | + fort: maitrise d oeuvre | + fort: concours de maitrise d oeuvre | + moyen: amenagement | - fort: dechets | - moyen: animation,26-19691,,,,,,
KEEP_HIGH,SECONDARY,ENGINEERING,18.0,Maîtrise d'œuvre pour la restauration des berges de l'Eure à Montreuil (28500),SYNDICAT MIXTE EURE BLAISE VESGRE (SEBV),2026-02-26,2026-04-01T18:00:00+00:00,APPEL_OFFRE,SERVICES,Maîtrise d'oeuvre | Ingénierie | Rivières/ruisseaux,71300000,28 | 27 | 78 | 95,https://www.boamp.fr/pages/avis/?q=idweb:26-20386,nature APPEL_OFFRE | type SERVICES | CPV secondaire 71300000 | + fort: maitrise d oeuvre | + moyen: ingenierie,26-20386,,,,,,
KEEP_HIGH,CORE,URBANISM_LANDSCAPE,17.0,2026R006 - Mise en place d'outils d'urbanisme opérationnels et d'aménagement - consultation de bureaux d'études,VILLE DE SAINT-TROPEZ,2026-03-10,2026-04-01T12:00:00+00:00,APPEL_OFFRE,SERVICES,Machines-outils,,83,https://www.boamp.fr/pages/avis/?q=idweb:26-24427,nature APPEL_OFFRE | type SERVICES | + fort: urbanisme | + moyen: amenagement | + moyen: etude,26-24427,,,,,,
KEEP_HIGH,SECONDARY,ENGINEERING,17.0,Maîtrise d'uvre pour la réhabilitation du refoulement du Poste de Refoulement « Route de la Tremblade » à SAUJON,COMMUNAUTÉ D'AGGLOMÉRATION ROYAN ATLANTIQUE,2026-03-09,2026-03-30T12:00:00+00:00,APPEL_OFFRE,SERVICES,Etude | Maîtrise d'oeuvre,79311000,17,https://www.boamp.fr/pages/avis/?q=idweb:26-24065,nature APPEL_OFFRE | type SERVICES | + fort: maitrise d oeuvre | + moyen: rehabilitation | + moyen: etude,26-24065,,,,,,
KEEP_HIGH,SECONDARY,ENGINEERING,17.0,MAITRISE D'OEUVRE - Aménagement secteur Louvière / Tour Chinoise-.,Commune de Epinal,2026-03-05,2026-03-31T12:00:00+00:00,APPEL_OFFRE,SERVICES,Maîtrise d'oeuvre,,88,https://www.boamp.fr/pages/avis/?q=idweb:26-23147,nature APPEL_OFFRE | type SERVICES | + fort: maitrise d oeuvre | + moyen: amenagement | + moyen: etude,26-23147,,,,,,
KEEP_HIGH,SECONDARY,ENGINEERING,17.0,Mission de maitrise d'uvre pour la réhabilitation de réseaux d'assainissement de Vaux-sur-mer et Les Mathes dans le cadre de la lutte contre la présence d'eaux parasites - 2 lots,COMMUNAUTÉ D'AGGLOMÉRATION ROYAN ATLANTIQUE,2026-03-02,2026-03-20T12:00:00+00:00,APPEL_OFFRE,SERVICES,Etude | Maîtrise d'oeuvre,79311000,17,https://www.boamp.fr/pages/avis/?q=idweb:26-20990,nature APPEL_OFFRE | type SERVICES | + fort: maitrise d oeuvre | + moyen: rehabilitation | + moyen: etude,26-20990,,,,,,
KEEP_HIGH,CORE,ARCHITECTURE_BUILDING,17.0,"Missions de maîtrise d'oeuvre liées aux cavités souterraines : diagnostic et travaux (comblement de cavité, confortement de cavité/sol/bâtiment)",Ville de Saint-Quentin,2026-02-25,2026-03-26T11:00:00+00:00,APPEL_OFFRE,SERVICES,Maîtrise d'oeuvre,71240000 | 71351500,2,https://www.boamp.fr/pages/avis/?q=idweb:26-18893,nature APPEL_OFFRE | type SERVICES | CPV archi 71240000 | CPV secondaire 71351500 | + fort: maitrise d oeuvre | - fort: materiel,26-18893,,,,,,
KEEP_HIGH,CORE,AMO_PROGRAMMING,16.0,Assistance technique pour la rénovation de toiture de bâtiment du Département du Finistère,Département du Finistère,2026-03-09,2026-04-01T16:00:00+00:00,APPEL_OFFRE,SERVICES,Assistance à maîtrise d'ouvrage,71315200,29,https://www.boamp.fr/pages/avis/?q=idweb:26-24171,nature APPEL_OFFRE | type SERVICES | CPV secondaire 71315200 | + fort: assistance a maitrise d ouvrage,26-24171,,,,,,
KEEP_HIGH,CORE,AMO_PROGRAMMING,16.0,Mission d'Assistance à Maîtrise d'Ouvrage pour les travaux de reconstruction de l'EHPAD Gaston Monmousseau,EHPAD Gaston Monmousseau,2026-03-07,2026-04-03T11:00:00+00:00,APPEL_OFFRE,SERVICES,Assistance à maîtrise d'ouvrage,71336000,93,https://www.boamp.fr/pages/avis/?q=idweb:26-23133,nature APPEL_OFFRE | type SERVICES | CPV secondaire 71336000 | + fort: assistance a maitrise d ouvrage,26-23133,,,,,,
KEEP_HIGH,CORE,AMO_PROGRAMMING,16.0,Assistance à maitrise d'ouvrage pour le projet de rénovation de la piscine municipale,Mairie de Saint Martin de Crau,2026-03-04,2026-04-08T12:00:00+00:00,APPEL_OFFRE,SERVICES,Assistance à maîtrise d'ouvrage,71241000,13,https://www.boamp.fr/pages/avis/?q=idweb:26-21229,nature APPEL_OFFRE | type SERVICES | CPV archi 71241000 | + fort: assistance a maitrise d ouvrage | + moyen: etude | - fort: materiel,26-21229,,,,,,
KEEP_HIGH,SECONDARY,ENGINEERING,16.0,Maitrise d'oeuvre pour la construction d'une usine de traitement des nitrates et des pesticides,Orléans Métropole,2026-03-03,2026-04-10T12:00:00+00:00,APPEL_OFFRE,SERVICES,Maîtrise d'oeuvre,71300000,45,https://www.boamp.fr/pages/avis/?q=idweb:26-21946,nature APPEL_OFFRE | type SERVICES | CPV secondaire 71300000 | + fort: maitrise d oeuvre,26-21946,,,,,,
KEEP_HIGH,CORE,AMO_PROGRAMMING,16.0,Accord-cadre pour des missions d'ATMO dans le cadre de la construction en conception-réalisation de l'extension du remisage métros du site de la Poudrette à Vaulx-en-Velin (69),SPL MLAC,2026-03-03,2026-03-31T16:00:00+00:00,APPEL_OFFRE,SERVICES,Assistance à maîtrise d'ouvrage,71313000,69,https://www.boamp.fr/pages/avis/?q=idweb:26-21651,nature APPEL_OFFRE | type SERVICES | CPV secondaire 71313000 | + fort: assistance a maitrise d ouvrage,26-21651,,,,,,
KEEP_HIGH,CORE,AMO_PROGRAMMING,16.0,Mission d'assistant à maîtrise d'ouvrage avec programme pour la création d'un nouveau Bâtiment de Consultations externes et hôpital de jour Oncologie,Centre Hospitalier Dax Côte d'Argent,2026-03-02,2026-03-31T12:00:00+00:00,APPEL_OFFRE,SERVICES,Assistance à maîtrise d'ouvrage,71336000,40 | 33 | 64,https://www.boamp.fr/pages/avis/?q=idweb:26-20992,nature APPEL_OFFRE | type SERVICES | CPV secondaire 71336000 | + fort: assistance a maitrise d ouvrage,26-20992,,,,,,
KEEP_HIGH,SECONDARY,ENGINEERING,16.0,Maîtrise d'oeuvre pour la rénovation d'une partie des équipements ferroviaires de la Zone d'Activités des Echerolles à Saint-Loup (03),Communauté de Communes St Pourçain Sioule Limagne,2026-02-27,2026-03-27T16:30:00+00:00,APPEL_OFFRE,SERVICES,Maîtrise d'oeuvre,71311230,3,https://www.boamp.fr/pages/avis/?q=idweb:26-20637,nature APPEL_OFFRE | type SERVICES | CPV secondaire 71311230 | + fort: maitrise d oeuvre,26-20637,,,,,,
KEEP_HIGH,CORE,AMO_PROGRAMMING,16.0,Mission d'assistance à maitrise d'ouvrage pour le suivi de l'opération de construction d'une Cité de l'enfance,Ville de Cenon,2026-02-26,2026-03-27T12:30:00+00:00,APPEL_OFFRE,SERVICES,Assistance à maîtrise d'ouvrage,71336000,33,https://www.boamp.fr/pages/avis/?q=idweb:26-20191,nature APPEL_OFFRE | type SERVICES | CPV secondaire 71336000 | + fort: assistance a maitrise d ouvrage,26-20191,,,,,,
KEEP_HIGH,SECONDARY,ENGINEERING,16.0,ASSISTANCE TECHNIQUE A MAITRISE D’OUVRAGE POUR LA CONDUITE D’OPERATION ET LE COMMISSIONNEMENT RELATIFS A LA CONCEPTION ET LA CONSTRUCTION DE BATIMENTS PENITENTIAIRES DE COURTES PEINES,Agence Publique pour l'Immobilier de la Justice,2026-02-25,2026-04-03T11:00:00+00:00,APPEL_OFFRE,SERVICES,Bâtiment | Bâtiments modulaires,71336000 | 71520000 | 79933000,75 | 94,https://www.boamp.fr/pages/avis/?q=idweb:26-19088,nature APPEL_OFFRE | type SERVICES | CPV secondaire 71336000 | CPV secondaire 71520000 | + moyen: etude,26-19088,,,,,,
KEEP_HIGH,SECONDARY,OTHER_RELEVANT,15.0,Maitrise d'œuvre relative à l'aménagement d'une Maison du don (MDD) à Marseille,EFS PACA-Corse,2026-03-10,2026-03-30T12:00:00+00:00,APPEL_OFFRE,SERVICES,Maîtrise d'oeuvre,,13,https://www.boamp.fr/pages/avis/?q=idweb:26-24626,nature APPEL_OFFRE | type SERVICES | + fort: maitrise d oeuvre | + moyen: amenagement,26-24626,,,,,,
KEEP_HIGH,CORE,ARCHITECTURE_BUILDING,15.0,Diagnostics de vulnérabilité des bâtiments en zone inondable.,Menelik EPAGE,2026-03-09,2026-04-20T12:00:00+00:00,APPEL_OFFRE,SERVICES,Etude,71241000,13 | 83,https://www.boamp.fr/pages/avis/?q=idweb:26-23911,nature APPEL_OFFRE | type SERVICES | CPV archi 71241000 | + moyen: etude | - moyen: animation,26-23911,,,,,,
KEEP_HIGH,SECONDARY,ENGINEERING,15.0,33 - Mérignac - BA 106 - Mandat de Maîtrise d'Ouvrage - Réhabilitation des bâtiments LC3 et LC4 - Phase candidatures,SID SUD OUEST,2026-03-06,,APPEL_OFFRE,SERVICES,Ingénierie,71330000,33,https://www.boamp.fr/pages/avis/?q=idweb:26-22624,nature APPEL_OFFRE | type SERVICES | CPV secondaire 71330000 | + moyen: rehabilitation | + moyen: ingenierie,26-22624,,,,,,
KEEP_HIGH,SECONDARY,ENGINEERING,15.0,Mission de diagnostic de la structure pour l'opération de réhabilitation et de mise en conformité de la maison cantonnière de la Rothlach au Champ du Feu,Collectivité européenne d'Alsace,2026-03-05,2026-03-27T12:00:00+00:00,APPEL_OFFRE,SERVICES,Etude | Prestations de services,71335000,67 | 68,https://www.boamp.fr/pages/avis/?q=idweb:26-22790,nature APPEL_OFFRE | type SERVICES | CPV secondaire 71335000 | + moyen: rehabilitation | + moyen: etude,26-22790,,,,,,
KEEP_HIGH,CORE,URBANISM_LANDSCAPE,15.0,Mission d’urbaniste opérationnel Euromed I,ETAB PUBLIC AMENAGEMENT EUROMEDITERRA,2026-03-04,2026-03-31T13:00:00+00:00,APPEL_OFFRE,SERVICES,Etude,71400000,13,https://www.boamp.fr/pages/avis/?q=idweb:26-20955,nature APPEL_OFFRE | type SERVICES | CPV archi 71400000 | + moyen: amenagement | + moyen: etude | + moyen: zac | - fort: informatique,26-20955,,,,,,
KEEP_HIGH,SECONDARY,ENGINEERING,15.0,Maîtrise d’œuvre pour la rénovation des toitures des espaces Garnier à Vittel-.,Conseil Départemental des Vosges,2026-03-02,2026-04-07T16:00:00+00:00,APPEL_OFFRE,SERVICES,Maîtrise d'oeuvre,,88,https://www.boamp.fr/pages/avis/?q=idweb:26-21259,nature APPEL_OFFRE | type SERVICES | + fort: maitrise d oeuvre | + moyen: etude,26-21259,,,,,,
KEEP_HIGH,SECONDARY,OTHER_RELEVANT,15.0,Maitrise d'oeuvre pour les travaux d'aménagement aux écoles élémentaire et maternelle VESSIOT,MAIRIE de GÉMENOS,2026-03-02,2026-04-07T12:00:00+00:00,APPEL_OFFRE,SERVICES,Maîtrise d'oeuvre,,13,https://www.boamp.fr/pages/avis/?q=idweb:26-21205,nature APPEL_OFFRE | type SERVICES | + fort: maitrise d oeuvre | + moyen: amenagement,26-21205,,,,,,
KEEP_HIGH,SECONDARY,ENGINEERING,15.0,Campagne de prospection géophysique à but de recherche archéologique dans le cadre de projets d’aménagement économique,LIMOGES METROPOLE - Communauté urbaine,2026-02-26,2026-03-31T12:00:00+00:00,APPEL_OFFRE,SERVICES,Fouille archéologique,71351914,87,https://www.boamp.fr/pages/avis/?q=idweb:26-19978,nature APPEL_OFFRE | type SERVICES | CPV secondaire 71351914 | + moyen: amenagement | + moyen: etude,26-19978,,,,,,
KEEP_HIGH,SECONDARY,OTHER_RELEVANT,15.0,MAITRISE D'OEUVRE POUR LA REHABILITATION DU RESERVOIR D'EAU POTABLE d'ECRIENNES (51),Commune d'Ecriennes (OCP - 51),2026-02-24,2026-03-20T12:00:00+00:00,APPEL_OFFRE,SERVICES,Prestations de services | Réservoir,,51,https://www.boamp.fr/pages/avis/?q=idweb:26-19372,nature APPEL_OFFRE | type SERVICES | + fort: maitrise d oeuvre | + moyen: rehabilitation,26-19372,,,,,,
KEEP_HIGH,SECONDARY,OTHER_RELEVANT,15.0,Maîtrise d'oeuvre pour la réhabilitation des ouvrages de régulation et de surveillance du barrage du Semilly - Suite à déclaration sans suite,Saint-Lô Agglo,2026-02-24,2026-04-03T12:00:00+00:00,APPEL_OFFRE,SERVICES,Maîtrise d'oeuvre,,50,https://www.boamp.fr/pages/avis/?q=idweb:26-19018,nature APPEL_OFFRE | type SERVICES | + fort: maitrise d oeuvre | + moyen: rehabilitation,26-19018,,,,,,
KEEP_HIGH,SECONDARY,ENGINEERING,14.0,"Maîtrise d'uvre pour la réhabilitation du réseau d'assainissement rue de la Corvette, allées de la Frégate, de Goélette et du Drakkar à SAINT PALAIS SUR MER",COMMUNAUTÉ D'AGGLOMÉRATION ROYAN ATLANTIQUE,2026-03-03,2026-03-24T12:00:00+00:00,APPEL_OFFRE,SERVICES,Etude,79311000,17,https://www.boamp.fr/pages/avis/?q=idweb:26-22025,nature APPEL_OFFRE | type SERVICES | + moyen: rehabilitation | + moyen: amenagement | + moyen: etude,26-22025,,,,,,
KEEP_MEDIUM,CORE,AMO_PROGRAMMING,13.0,"Mission d'assistance à maîtrise d'ouvrage construction de l'école maternelle Michel Noir suite à la liquidation judiciaire du titulaire 
Phase 5  et 6 du contrat initial",VILLE DE LURE,2026-03-06,2026-03-20T12:00:00+00:00,APPEL_OFFRE,SERVICES,Assistance à maîtrise d'ouvrage | Assistance juridique | Assistance technique,,70,https://www.boamp.fr/pages/avis/?q=idweb:26-23428,nature APPEL_OFFRE | type SERVICES | + fort: assistance a maitrise d ouvrage,26-23428,,,,,,
KEEP_MEDIUM,SECONDARY,ENGINEERING,13.0,"Ordonnancement, Pilotage, Coordination de chantier pour la construction du bâtiment Trainings au lycée Saint Exupéry à Blagnac (Opération n° 50316)",Spl Arac Occitanie,2026-03-06,2026-03-31T12:00:00+00:00,APPEL_OFFRE,SERVICES,"Mission d'ordonnancement, pilotage, coordination (OPC)",71521000,31,https://www.boamp.fr/pages/avis/?q=idweb:26-23230,nature APPEL_OFFRE | type SERVICES | CPV secondaire 71521000 | + moyen: amenagement,26-23230,,,,,,
KEEP_MEDIUM,SECONDARY,ENGINEERING,13.0,Mission de maitrise d'oeuvre pour la sécurisation électrique des ouvrages d'eau potable - 2 lots,SYNDICAT EAU47,2026-03-05,2026-03-26T12:00:00+00:00,APPEL_OFFRE,SERVICES,Réservoir | Etude | Matériel électrique,,47,https://www.boamp.fr/pages/avis/?q=idweb:26-22670,nature APPEL_OFFRE | type SERVICES | + fort: maitrise d oeuvre | + fort: mission de maitrise d oeuvre | + moyen: etude | - fort: materiel,26-22670,,,,,,
KEEP_MEDIUM,SECONDARY,ENGINEERING,13.0,Accords-cadres à bons de  commande et marchés  subséquents relatifs à des  missions de CMSPS pour des  opérations de catégorie 2 et 3  d'aménagement du domaine  public départemental hors  bâtiment pou,Conseil Départemental du Nord,2026-03-04,2026-04-07T14:00:00+00:00,APPEL_OFFRE,SERVICES,Prestations de services,71317210,59,https://www.boamp.fr/pages/avis/?q=idweb:26-21684,nature APPEL_OFFRE | type SERVICES | CPV secondaire 71317210 | + moyen: amenagement,26-21684,,,,,,
KEEP_MEDIUM,SECONDARY,OTHER_RELEVANT,13.0,"Prestations de conception et fabrication d’un prototype de drone léger, robuste, souverain, intégrant une architecture avionique propriétaire et un châssis composite éco-conçu.",SATT OUEST VALORISATION,2026-03-04,2026-04-03T16:00:00+00:00,APPEL_OFFRE,SERVICES,Prestations de services,73300000,35 | 44 | 75,https://www.boamp.fr/pages/avis/?q=idweb:26-22525,nature APPEL_OFFRE | type SERVICES | + fort: architecture,26-22525,,,,,,
KEEP_MEDIUM,SECONDARY,ENGINEERING,13.0,Mission Opc - Construction d'un complexe de préparation dédié à la Haute Performance - Rénovation des installations existantes,Sem Arac Occitanie,2026-03-03,2026-03-18T12:00:00+00:00,APPEL_OFFRE,SERVICES,"Mission d'ordonnancement, pilotage, coordination (OPC)",71520000,34,https://www.boamp.fr/pages/avis/?q=idweb:26-22041,nature APPEL_OFFRE | type SERVICES | CPV secondaire 71520000 | + moyen: etude,26-22041,,,,,,
KEEP_MEDIUM,SECONDARY,ENGINEERING,13.0,"Le présent marché porte sur des prestations d’études pour le projet de déménagement du siège francilien de l’OFPRA vers l’immeuble Joya, situé aux 198-200 Rue Carnot (94120 Fontenay-sous-Bois).",OFPRA,2026-02-25,2026-02-26T11:00:00+00:00,APPEL_OFFRE,SERVICES,Contrôle technique | Déménagement | Etude | Maîtrise d'oeuvre,71310000 | 71317200 | 71630000,94,https://www.boamp.fr/pages/avis/?q=idweb:26-18863,nature APPEL_OFFRE | type SERVICES | CPV secondaire 71310000 | CPV secondaire 71317200 | + fort: maitrise d oeuvre | + moyen: amenagement | + moyen: etude | - fort: entretien | - moyen: accompagnement,26-18863,,,,,,
KEEP_MEDIUM,SECONDARY,ENGINEERING,12.0,Etudes pour la recherche de fuite d'eau sur les bâtiments de la Ville de Cherbourg-en-Cotentin et du Ccas,Commune de Cherbourg-en-Cotentin,2026-03-06,2026-03-31T12:00:00+00:00,APPEL_OFFRE,SERVICES,Etude,79311000,50,https://www.boamp.fr/pages/avis/?q=idweb:26-23440,nature APPEL_OFFRE | type SERVICES | + moyen: etude | + moyen: interieur,26-23440,,,,,,
KEEP_MEDIUM,CORE,ARCHITECTURE_BUILDING,12.0,Mission de maitrise d'oeuvre pour la rénovation de 2 amphithéâtres à l'IUT Nancy-Brabois,UNIVERSITE DE LORRAINE,2026-02-25,,PRE-INFORMATION,SERVICES,Prestations de services,71000000,54 | 57,https://www.boamp.fr/pages/avis/?q=idweb:26-19190,nature non ideale: PRE-INFORMATION | type SERVICES | CPV fort 71000000 | + fort: maitrise d oeuvre | + fort: mission de maitrise d oeuvre | - fort: ventilation,26-19190,,,,,,
KEEP_MEDIUM,SECONDARY,ENGINEERING,12.0,Études géotechniques relatives à la future construction d'une station de pompage dénommée « PERRAULT 2 »  : missions G2AVP-G2PRO-G4 et G5,Syndicat Intercommunal du Bassin d'Arcachon,2026-02-24,2026-03-20T12:00:00+00:00,APPEL_OFFRE,SERVICES,Ingénierie | Etude,,33,https://www.boamp.fr/pages/avis/?q=idweb:26-19172,nature APPEL_OFFRE | type SERVICES | + moyen: etude | + moyen: ingenierie,26-19172,,,,,,
KEEP_MEDIUM,SECONDARY,ENGINEERING,11.0,"Marché de Contrôle Technique pour la construction neuve des bureaux du ""Nouveau Siege De La Sedre - Ilot 7 Pev Saint Paul""",Sedre,2026-03-10,2026-04-09T16:00:00+00:00,APPEL_OFFRE,SERVICES,Contrôle technique,71356100,974,https://www.boamp.fr/pages/avis/?q=idweb:26-24612,nature APPEL_OFFRE | type SERVICES | CPV secondaire 71356100,26-24612,,,,,,
KEEP_MEDIUM,SECONDARY,ENGINEERING,11.0,CSPS DANS LE CADRE DE LA CONSTRUCTION DE RESERVES MUSEALES A DUNKERQUE - PETITE SYNTHE,Communauté Urbaine de Dunkerque,2026-03-09,2026-03-31T10:00:00+00:00,APPEL_OFFRE,SERVICES,Prestations de services,71317210,59,https://www.boamp.fr/pages/avis/?q=idweb:26-24135,nature APPEL_OFFRE | type SERVICES | CPV secondaire 71317210,26-24135,,,,,,
KEEP_MEDIUM,SECONDARY,ENGINEERING,11.0,Marché de coordination SPS en phase réalisation relatif à la Reconstruction du Centre Hospitalier Auban-Moët d’Epernay,CHU REIMS,2026-03-05,2026-04-07T15:00:00+00:00,APPEL_OFFRE,SERVICES,Prestations de services,71317210,51,https://www.boamp.fr/pages/avis/?q=idweb:26-23069,nature APPEL_OFFRE | type SERVICES | CPV secondaire 71317210,26-23069,,,,,,
KEEP_MEDIUM,SECONDARY,ENGINEERING,11.0,La présente consultation est relative à une mission de contrôle technique pour l’opération de restructuration du bâtiment H du campus de Bron de l’Université Gustave Eiffel (UGE).,COMUE LYON SAINT-ETIENNE,2026-03-05,2026-03-25T12:00:00+00:00,APPEL_OFFRE,SERVICES,Contrôle technique,71356100,69,https://www.boamp.fr/pages/avis/?q=idweb:26-22994,nature APPEL_OFFRE | type SERVICES | CPV secondaire 71356100,26-22994,,,,,,
KEEP_MEDIUM,SECONDARY,ENGINEERING,11.0,MISSION DE COORDINATION SECURITE ET PROTECTION DE LA SANTE (CSPS) RECONSTRUCTION DU CHI LYS HYROME-SITE DE VIHIERS,CHU ANGERS,2026-03-04,2026-04-07T12:00:59+00:00,APPEL_OFFRE,SERVICES,Prestations de services,71317210,49,https://www.boamp.fr/pages/avis/?q=idweb:26-21565,nature APPEL_OFFRE | type SERVICES | CPV secondaire 71317210,26-21565,,,,,,
KEEP_MEDIUM,CORE,ARCHITECTURE_BUILDING,11.0,Maîtrise d’œuvre pour la rénovation du groupe scolaire de Saint-Juvat et la construction d’un bâtiment polyvalent éducatif et socio-culturel,Commune de Saint-Juvat,2026-03-04,2026-03-30T11:00:00+00:00,APPEL_OFFRE,SERVICES,Maçonnerie | Menuiserie | Ventilation,71000000,22,https://www.boamp.fr/pages/avis/?q=idweb:26-21409,nature APPEL_OFFRE | type SERVICES | CPV fort 71000000 | - fort: ventilation,26-21409,,,,,,
KEEP_MEDIUM,SECONDARY,ENGINEERING,11.0,FORCES ARMÉES AUX ANTILLES (972+971) – DID – Diagnostics Amiante et Plomb des bâtiments des emprises des FAA,DID Fort-De-France,2026-03-04,2026-04-16T17:00:00+00:00,APPEL_OFFRE,SERVICES,Amiante (diagnostic),71315400,972 | 971,https://www.boamp.fr/pages/avis/?q=idweb:26-21327,nature APPEL_OFFRE | type SERVICES | CPV secondaire 71315400,26-21327,,,,,,
KEEP_MEDIUM,SECONDARY,ENGINEERING,11.0,Reéalisation des missions de CT et de coordination SPS liées à des opérations de travaux de bâtiments et infrastructure en occitanie,SGAR PFRA OCCITANIE,2026-03-04,2026-04-06T12:00:00+00:00,APPEL_OFFRE,SERVICES,Contrôle technique,71317200 | 71631300,31 | 32 | 34,https://www.boamp.fr/pages/avis/?q=idweb:26-21870,nature APPEL_OFFRE | type SERVICES | CPV secondaire 71317200,26-21870,,,,,,
KEEP_MEDIUM,SECONDARY,ENGINEERING,11.0,Vérifications périodiques réglementaires des installations des bâtiments de la CCI Alsace Eurométropole,CCI Alsace Eurométropole,2026-03-03,2026-03-31T12:00:00+00:00,APPEL_OFFRE,SERVICES,Contrôle technique | Prestations de services,71315400,67 | 68,https://www.boamp.fr/pages/avis/?q=idweb:26-21878,nature APPEL_OFFRE | type SERVICES | CPV secondaire 71315400,26-21878,,,,,,
KEEP_MEDIUM,SECONDARY,ENGINEERING,11.0,MANDAT DE MAITRISE D 'OUVRAGE DELEGUEE D'UNE CONTRUCTION D'UN COLLEGE A MONT SOUS VAUDREY,Conseil départemental du Jura,2026-02-26,2026-03-26T10:00:00+00:00,APPEL_OFFRE,SERVICES,Prestations de services | Bâtiment,71541000,39,https://www.boamp.fr/pages/avis/?q=idweb:26-19592,nature APPEL_OFFRE | type SERVICES | CPV secondaire 71541000,26-19592,,,,,,
KEEP_MEDIUM,CORE,AMO_PROGRAMMING,11.0,"Prestation de programmation et d'assistance relative aux travaux de construction d'un bâtiment passif et vertueux pour l'accueil des agents municipaux et communautaires des services techniques, rue de",COMMUNE DE BEAUVAIS,2026-02-24,2026-03-30T10:00:00+00:00,APPEL_OFFRE,SERVICES,Assistance technique,71356200,60,https://www.boamp.fr/pages/avis/?q=idweb:26-18660,nature APPEL_OFFRE | type SERVICES | CPV secondaire 71356200,26-18660,,,,,,
KEEP_MEDIUM,SECONDARY,ENGINEERING,9.0,Maîtrise d'oeuvre relative à la reconstruction de l'abri à sel du Parc du Matériel Routier Départemental rue Ampère à Besançon (25),Département du Doubs,2026-03-10,2026-04-16T12:00:00+00:00,APPEL_OFFRE,SERVICES,Maîtrise d'oeuvre,71311000,25,https://www.boamp.fr/pages/avis/?q=idweb:26-24489,nature APPEL_OFFRE | type SERVICES | CPV secondaire 71311000 | + fort: maitrise d oeuvre | - fort: materiel,26-24489,,,,,,
KEEP_MEDIUM,SECONDARY,ENGINEERING,9.0,"Étude de faisabilité technique, juridique et financière pour la construction d’un crématorium intercommunal sur le territoire de la Communauté de Communes Bresse Louhannaise Intercom’ et missions d’ac",CC BRESSE LOUHANNAISE INTERCOM,2026-03-10,2026-04-07T17:00:00+00:00,APPEL_OFFRE,SERVICES,Etude,79311000,71,https://www.boamp.fr/pages/avis/?q=idweb:26-24646,nature APPEL_OFFRE | type SERVICES | + moyen: etude de faisabilite | + moyen: etude | - moyen: accompagnement,26-24646,,,,,,
REVIEW,CORE,AMO_PROGRAMMING,7.0,Mission de programmation architecturale et muséographique pour la création d'une Cité des Sciences,Commune de Saint-Denis,2026-03-10,2026-04-14T15:00:00+00:00,APPEL_OFFRE,SERVICES,Etude | Equipement muséographique,72243000,974,https://www.boamp.fr/pages/avis/?q=idweb:26-24672,nature APPEL_OFFRE | type SERVICES | CPV informatique 72243000 | + fort: programmation architecturale | + moyen: etude,26-24672,,,,,,
REVIEW,SECONDARY,ENGINEERING,7.0,Mission de maîtrise d'oeuvre pour la réfection de l'étanchéité de la toiture terrasse technique du bâtiment Restauration au lycée d'hôtellerie et du tourisme à  Blois (41),Region Centre Val De Loire,2026-03-05,2026-04-01T12:00:00+00:00,APPEL_OFFRE,SERVICES,Bâtiment | Maîtrise d'oeuvre,71300000,41,https://www.boamp.fr/pages/avis/?q=idweb:26-22969,nature APPEL_OFFRE | type SERVICES | CPV secondaire 71300000 | + fort: maitrise d oeuvre | + fort: mission de maitrise d oeuvre | - fort: maintenance | - fort: etancheite,26-22969,,,,,,
REVIEW,SECONDARY,OTHER_RELEVANT,6.0,Marché de maitrise d'oeuvre relatif à la construction d'une déchèterie et d'un quai de transfert des déchets ménagers et assimilés-.,Communauté de Communes de Gerardmer Hautes Vosges,2026-03-06,2026-04-07T12:00:00+00:00,APPEL_OFFRE,SERVICES,Maîtrise d'oeuvre,,88,https://www.boamp.fr/pages/avis/?q=idweb:26-23441,nature APPEL_OFFRE | type SERVICES | + fort: maitrise d oeuvre | - fort: dechets,26-23441,,,,,,
